R_peaks,P_peaks,Q_peaks,S_peaks,T_peaks
76,25,67,86,127
370,320,359,380,487
662,616,653,671,712
946,898,936,955,1061
1231,1180,1221,1240,1347
1515,1465,1505,1524,1631
1809,1758,1799,1818,1861
2044,1987,2034,2053,2090
2402,2355,2392,2412,2487
2705,2656,2696,2715,2822
2997,2951,2988,3006,3060
3282,3234,3273,3291,3347
3559,3499,3550,3568,3636
3862,3811,3852,3871,3978
4170,4116,4160,4179,4224
4465,4416,4456,4475,4507
4764,4701,4754,4774,4819
5060,5009,5050,5069,5173
5346,5300,5336,5355,5392
5633,5584,5622,5643,5749
5918,5870,5909,5927,6034
6214,6162,6204,6223,6261
6526,6474,6516,6536,6580
6823,6771,6813,6832,6937
7105,7054,7096,7115,7219
7391,7342,7379,7401,7435
7669,7624,7660,7679,7723
7953,7904,7943,7962,8069
8245,8196,8234,8255,8291
8539,8489,8529,8548,8655
8837,8787,8827,8846,8917
9141,9078,9131,9150,9257
9431,9384,9421,9441,9485
9710,9662,9700,9719,9759
9998,9936,9988,10007,10111
10282,10232,10272,10291,10358
10590,10538,10580,10600,10645
10894,10847,10884,10904,10951
11191,11128,11182,11200,11307
11480,11433,11470,11489,11527
11780,11731,11770,11790,11894
12066,12015,12056,12074,12112
12349,12299,12338,12359,12465
12644,12592,12635,12654,12692
12949,12900,12939,12959,13004
13266,13212,13254,13275,13319
13562,13501,13552,13571,13678
13841,13797,13832,13851,13898
14130,14085,14121,14140,14180
14422,14378,14413,14431,14491
14710,14662,14701,14719,14764
15011,14959,15001,15020,15075
15310,15261,15300,15319,15360
15607,15558,15597,15616,15656
15899,15838,15890,15908,16015
16183,16137,16172,16193,16299
16464,16419,16454,16474,16514
16755,16703,16745,16764,16833
17058,17006,17048,17067,17174
17358,17309,17348,17367,17414
17657,17606,17646,17667,17707
17946,17896,17937,17956,18062
18226,18176,18216,18236,18343
18513,18463,18503,18523,18630
18795,18745,18784,18805,18837
19080,19029,19071,19089,19142
19388,19334,19378,19397,19436
19693,19644,19682,19702,19741
19989,19940,19979,19998,20103
20271,20208,20262,20280,20383
20554,20504,20544,20563,20602
20837,20786,20828,20846,20886
21131,21081,21121,21140,21205
21423,21375,21413,21433,21471
21728,21677,21719,21737,21775
22029,21976,22019,22038,22077
22321,22271,22311,22330,22434
22602,22555,22593,22611,22716
22881,22833,22871,22889,22993
23163,23113,23154,23172,23229
23453,23399,23443,23463,23536
23756,23702,23746,23765,23805
24052,24004,24042,24062,24095
24345,24297,24336,24354,24461
24625,24576,24616,24634,24698
24913,24866,24902,24923,24963
25197,25148,25188,25206,25311
25485,25437,25475,25494,25601
25779,25729,25769,25790,25830
26088,26034,26077,26097,26143
26386,26339,26377,26396,26433
26670,26625,26661,26679,26786
26952,26907,26942,26961,27068
27237,27191,27227,27246,27287
27536,27473,27526,27545,27614
27833,27784,27822,27844,27951
28132,28082,28121,28141,28183
28431,28382,28421,28440,28484
28726,28675,28717,28735,28842
29014,28963,29003,29023,29126
29293,29246,29284,29303,29410
29580,29534,29569,29590,29633
29873,29824,29862,29883,29920
30182,30128,30172,30191,30298
30487,30436,30477,30496,30556
30779,30730,30770,30788,30895
31064,31003,31055,31074,31176
31348,31298,31339,31357,31462
31635,31585,31625,31645,31683
31927,31878,31916,31937,32044
32224,32175,32213,32233,32271
32529,32478,32518,32539,32587
32836,32788,32826,32845,32892
33126,33079,33116,33136,33240
33403,33356,33394,33412,33518
33691,33644,33680,33700,33741
33980,33929,33968,33989,34029
34274,34220,34264,34283,34333
34575,34523,34565,34584,34623
34870,34822,34860,34879,34917
35168,35119,35158,35177,35217
35455,35406,35445,35464,35529
35736,35689,35726,35745,35848
36016,35968,36006,36025,36131
36309,36260,36298,36319,36360
36604,36553,36595,36614,36677
36916,36862,36906,36925,37032
37215,37162,37205,37224,37263
37499,37449,37490,37508,37573
37782,37732,37773,37791,37898
38071,38023,38061,38080,38140
38356,38310,38346,38365,38403
38651,38600,38640,38661,38699
38950,38903,38940,38959,39066
39252,39201,39241,39261,39298
39547,39498,39537,39556,39596
39825,39774,39815,39834,39941
40095,40046,40086,40104,40210
40382,40333,40372,40391,40432
40677,40626,40667,40686,40722
40970,40923,40960,40979,41018
41271,41220,41259,41281,41320
41566,41517,41557,41575,41681
41849,41799,41840,41858,41963
42116,42067,42107,42125,42232
42415,42369,42405,42425,42465
42697,42650,42687,42707,42747
42996,42945,42986,43006,43068
43307,43255,43297,43316,43423
43603,43554,43593,43612,43716
43892,43846,43882,43902,44006
44171,44124,44162,44180,44285
44455,44408,44445,44465,44572
44743,44693,44733,44752,44856
45029,44979,45020,45039,45146
45323,45272,45313,45332,45371
45627,45577,45617,45637,45683
45924,45875,45915,45933,46038
46203,46156,46193,46212,46267
46478,46434,46468,46488,46595
46759,46710,46750,46768,46875
47037,46986,47027,47046,47112
47334,47281,47324,47343,47390
47631,47581,47619,47642,47682
47919,47873,47909,47929,47972
48202,48153,48192,48211,48318
48485,48438,48475,48494,48534
48765,48715,48756,48774,48876
49040,48992,49030,49049,49154
49323,49271,49313,49333,49401
49618,49567,49608,49627,49663
49923,49872,49913,49932,49970
50214,50164,50204,50223,50330
50491,50433,50481,50500,50607
50771,50724,50761,50780,50820
51055,51006,51046,51064,51170
51339,51287,51328,51348,51455
51626,51573,51616,51635,51742
51921,51871,51911,51930,51970
52215,52165,52206,52225,52263
52506,52455,52496,52515,52621
52784,52735,52774,52793,52896
53062,53013,53053,53071,53178
53340,53291,53331,53349,53383
53631,53581,53621,53640,53706
53922,53871,53912,53932,53970
54219,54166,54209,54228,54270
54507,54455,54497,54516,54555
54784,54724,54774,54794,54901
55064,55015,55054,55073,55180
55343,55299,55334,55352,55390
55624,55574,55613,55635,55681
55907,55857,55897,55917,55956
56207,56153,56195,56217,56253
56502,56449,56492,56511,56552
56784,56738,56773,56794,56834
57055,57009,57045,57064,57169
57333,57287,57323,57342,57386
57615,57565,57604,57624,57663
57900,57849,57889,57910,57953
58192,58142,58181,58201,58254
58490,58438,58480,58499,58539
58787,58734,58778,58797,58836
59077,59027,59067,59086,59153
59354,59308,59345,59363,59464
59631,59584,59622,59640,59685
59919,59871,59909,59928,59976
60214,60162,60203,60224,60261
60515,60464,60503,60526,60562
60817,60765,60807,60826,60862
61105,61057,61096,61114,61153
61391,61341,61381,61400,61468
61679,61631,61670,61689,61726
61963,61917,61952,61973,62016
62247,62200,62237,62257,62290
62547,62498,62536,62557,62664
62851,62801,62841,62861,62968
63154,63103,63142,63164,63207
63438,63388,63429,63447,63551
63711,63663,63702,63720,63825
63998,63949,63988,64007,64046
64287,64241,64278,64296,64341
64581,64531,64570,64591,64698
64875,64824,64866,64884,64923
65174,65124,65165,65183,65224
65463,65417,65454,65472,65535
65750,65699,65740,65759,65865
66030,65980,66018,66040,66079
66307,66262,66297,66316,66355
66604,66553,66594,66613,66704
66791,66737,66782,66801,66844
67130,67079,67120,67139,67246
67433,67384,67422,67443,67545
67728,67680,67717,67737,67844
68007,67960,67998,68017,68124
68302,68251,68292,68311,68418
68594,68542,68584,68603,68710
68886,68822,68876,68895,68941
69190,69137,69180,69200,69232
69503,69454,69493,69513,69619
69796,69747,69786,69805,69911
70073,70013,70064,70082,70144
70357,70308,70347,70366,70467
70642,70592,70633,70651,70758
70941,70889,70931,70950,70986
71239,71191,71229,71249,71283
71539,71489,71530,71548,71587
71845,71793,71835,71855,71902
72138,72091,72128,72146,72253
72417,72370,72407,72426,72533
72703,72657,72693,72713,72755
72998,72949,72988,73006,73113
73301,73249,73291,73310,73383
73611,73558,73601,73621,73728
73911,73861,73900,73921,74028
74195,74150,74186,74204,74311
74483,74436,74473,74492,74544
74766,74718,74757,74775,74882
74985,74922,74976,74995,75035
75332,75271,75322,75341,75379
75632,75583,75623,75641,75708
75934,75883,75923,75944,76051
76233,76185,76224,76242,76280
76515,76465,76505,76524,76631
76785,76740,76776,76794,76901
77074,77010,77064,77083,77190
77366,77315,77355,77376,77416
77663,77611,77654,77672,77744
77953,77892,77944,77963,78034
78251,78203,78241,78260,78305
78539,78492,78529,78548,78655
78824,78776,78814,78834,78872
79099,79052,79090,79108,79213
79386,79335,79376,79395,79433
79689,79636,79679,79698,79736
79991,79942,79981,80000,80034
80290,80240,80280,80299,80406
80583,80537,80573,80592,80630
80868,80821,80859,80877,80984
81152,81104,81141,81161,81202
81439,81391,81428,81449,81553
81730,81680,81720,81739,81781
82030,81980,82020,82040,82072
82335,82282,82324,82345,82388
82636,82587,82627,82645,82699
82927,82879,82916,82936,83041
83209,83150,83200,83218,83279
83492,83446,83482,83501,83608
83794,83743,83784,83803,83910
84103,84052,84093,84112,84152
84407,84357,84397,84416,84453
84709,84657,84698,84718,84825
85009,84962,85000,85019,85126
85302,85252,85291,85312,85357
85579,85534,85570,85589,85696
85870,85824,85860,85879,85923
86171,86120,86161,86180,86221
86478,86429,86468,86487,86557
86780,86733,86770,86789,86896
87079,87031,87068,87089,87130
87364,87317,87354,87373,87412
87652,87600,87642,87661,87765
87941,87890,87931,87950,88057
88231,88183,88222,88241,88286
88530,88478,88520,88539,88571
88834,88782,88824,88843,88882
89135,89084,89124,89145,89190
89421,89374,89412,89430,89537
89703,89644,89694,89712,89818
89987,89939,89978,89997,90035
90286,90238,90276,90295,90335
90589,90535,90580,90599,90651
90884,90833,90874,90894,90963
91189,91137,91179,91199,91238
91481,91431,91469,91490,91596
91761,91712,91751,91770,91877
92046,91997,92036,92056,92110
92337,92287,92328,92346,92453
92633,92580,92623,92643,92676
92944,92890,92934,92954,93061
93246,93195,93236,93255,93294
93534,93487,93524,93543,93584
93823,93772,93813,93833,93937
94102,94054,94093,94111,94218
94395,94346,94383,94405,94445
94692,94642,94683,94702,94738
94996,94947,94985,95006,95045
95298,95244,95288,95307,95344
95606,95558,95596,95615,95668
95893,95846,95883,95902,95940
96170,96120,96161,96179,96233
96450,96389,96441,96459,96566
96746,96694,96734,96756,96798
97050,96995,97040,97059,97096
97348,97297,97338,97357,97431
97644,97596,97634,97653,97716
97936,97886,97925,97946,97985
98228,98180,98219,98237,98277
98508,98457,98498,98517,98620
98789,98740,98779,98798,98905
99084,99032,99073,99094,99132
99382,99327,99372,99391,99498
99579,99520,99569,99588,99625
99930,99883,99920,99939,100046
100218,100171,100207,100227,100267
100496,100447,100486,100505,100612
100781,100732,100771,100790,100897
101070,101019,101060,101080,101187
101360,101309,101349,101371,101412
101653,101604,101643,101662,101709
101941,101890,101931,101950,101997
102234,102184,102224,102243,102289
102516,102468,102507,102525,102629
102792,102745,102782,102802,102842
103073,103025,103064,103083,103190
103371,103322,103361,103380,103423
103669,103617,103659,103678,103746
103963,103910,103953,103973,104011
104261,104210,104251,104270,104376
104545,104498,104535,104555,104603
104830,104781,104820,104839,104910
105118,105058,105108,105127,105171
105406,105357,105397,105416,105523
105707,105654,105697,105716,105791
106015,105964,106005,106025,106132
106314,106265,106303,106323,106429
106600,106553,106590,106610,106656
106882,106820,106872,106891,106997
107159,107111,107149,107168,107209
107453,107403,107441,107465,107510
107750,107699,107738,107761,107799
108045,107996,108035,108054,108161
108342,108292,108332,108351,108386
108643,108597,108634,108652,108757
108925,108862,108916,108934,109039
109199,109153,109189,109208,109315
109485,109436,109476,109494,109599
109772,109723,109762,109782,109825
110076,110024,110066,110086,110157
110374,110321,110364,110383,110422
110673,110621,110663,110682,110720
110963,110912,110953,110972,111075
111243,111198,111234,111252,111355
111524,111476,111514,111533,111638
111810,111762,111800,111819,111856
112107,112052,112098,112117,112157
112405,112351,112395,112414,112451
112710,112658,112700,112719,112761
113000,112940,112990,113009,113116
113281,113233,113271,113290,113397
113562,113506,113551,113571,113631
113849,113799,113840,113859,113965
114142,114092,114131,114152,114259
114428,114377,114418,114437,114490
114716,114666,114706,114725,114770
115000,114949,114988,115010,115052
115280,115229,115270,115289,115396
115547,115500,115538,115556,115661
115814,115766,115805,115823,115923
116083,116032,116074,116092,116129
116369,116315,116359,116378,116425
116654,116602,116644,116663,116696
116938,116888,116927,116949,116982
117213,117168,117204,117222,117262
117494,117446,117484,117503,117609
117766,117720,117756,117774,117814
118044,117992,118034,118052,118156
118323,118269,118313,118332,118400
118607,118558,118597,118616,118658
118911,118855,118901,118920,118960
119215,119163,119205,119224,119289
119509,119463,119500,119518,119625
119791,119742,119781,119800,119907
120077,120028,120067,120085,120192
120375,120324,120366,120385,120457
120676,120624,120666,120685,120720
120990,120935,120979,121000,121107
121300,121245,121287,121309,121370
121604,121554,121594,121614,121652
121889,121838,121879,121898,122004
122170,122123,122160,122179,122222
122460,122408,122449,122470,122539
122750,122697,122741,122759,122796
123050,122997,123040,123059,123098
123359,123311,123350,123369,123439
123663,123611,123654,123672,123779
123936,123887,123926,123945,124049
124221,124168,124210,124230,124337
124507,124454,124497,124516,124558
124775,124726,124766,124784,124824
125059,125003,125050,125069,125139
125354,125303,125344,125364,125436
125648,125594,125639,125657,125689
125925,125875,125916,125934,125973
126203,126152,126194,126212,126319
126476,126424,126466,126485,126589
126746,126692,126737,126755,126828
127024,126971,127015,127034,127108
127313,127252,127304,127322,127384
127603,127552,127593,127612,127647
127892,127841,127881,127902,128009
128085,128019,128073,128095,128202
128422,128371,128413,128432,128479
128698,128649,128688,128707,128750
128958,128908,128948,128967,129028
129230,129177,129218,129240,129295
129519,129469,129509,129529,129595
129798,129742,129788,129807,129913
130057,130003,130046,130066,130134
130318,130268,130308,130327,130434
130568,130519,130558,130577,130677
130818,130768,130807,130827,130886
131073,131024,131063,131082,131189
131326,131275,131316,131335,131372
131584,131532,131575,131593,131697
131851,131797,131838,131863,131907
132122,132068,132112,132131,132183
132380,132328,132370,132389,132429
132629,132580,132619,132638,132741
132882,132832,132873,132891,132994
133132,133084,133122,133140,133179
133389,133339,133380,133398,133503
133662,133606,133652,133672,133779
133933,133881,133923,133942,133982
134197,134144,134187,134206,134310
134463,134413,134454,134472,134509
134737,134685,134727,134746,134846
134989,134940,134980,134998,135035
135243,135194,135234,135252,135297
135504,135455,135495,135514,135621
135780,135731,135770,135789,135896
136061,136010,136051,136070,136177
136350,136296,136340,136359,136466
136630,136581,136620,136640,136744
136899,136850,136890,136908,136947
137170,137124,137161,137180,137287
137448,137399,137439,137457,137564
137728,137679,137718,137738,137841
138008,137956,137998,138017,138058
138304,138251,138294,138313,138418
138598,138543,138587,138609,138642
138888,138836,138878,138897,139003
139163,139117,139154,139172,139213
139440,139393,139430,139449,139552
139719,139669,139710,139728,139834
140009,139958,140000,140018,140125
140302,140249,140291,140313,140418
140599,140543,140589,140608,140711
140881,140828,140872,140890,140995
141152,141100,141142,141161,141266
141423,141372,141413,141432,141470
141684,141636,141673,141694,141729
141942,141892,141933,141951,142006
142207,142155,142197,142216,142278
142479,142425,142469,142488,142526
142746,142695,142737,142755,142862
143010,142962,143000,143019,143125
143264,143215,143255,143273,143376
143514,143467,143505,143523,143623
143766,143713,143756,143775,143881
144025,143973,144015,144034,144139
144285,144234,144276,144295,144400
144557,144507,144548,144566,144604
144832,144779,144822,144841,144879
145111,145061,145102,145120,145188
145381,145331,145372,145390,145497
145647,145598,145637,145656,145753
145902,145857,145893,145911,145973
146170,146121,146160,146178,146285
146445,146393,146435,146454,146523
146737,146681,146726,146746,146785
147012,146959,147003,147022,147059
147290,147237,147280,147299,147338
147565,147515,147555,147574,147680
147832,147785,147823,147841,147948
148099,148049,148089,148108,148208
148363,148312,148352,148374,148478
148637,148584,148627,148647,148754
148916,148859,148906,148925,148968
149204,149149,149193,149214,149253
149488,149440,149478,149497,149604
149768,149717,149759,149777,149877
150030,149979,150020,150038,150081
150303,150248,150292,150312,150417
150575,150524,150566,150584,150691
150849,150798,150839,150858,150964
151122,151071,151112,151131,151173
151407,151358,151397,151416,151523
151700,151646,151689,151710,151748
151974,151920,151964,151983,152023
152237,152187,152227,152246,152353
152510,152462,152501,152519,152624
152781,152732,152771,152790,152828
153067,153013,153057,153076,153116
153362,153306,153352,153371,153478
153644,153593,153634,153653,153760
153922,153867,153912,153931,154036
154192,154142,154183,154202,154306
154470,154422,154460,154479,154586
154741,154693,154732,154750,154857
155009,154957,154999,155017,155053
155291,155236,155280,155300,155358
155588,155536,155577,155597,155704
155864,155812,155854,155874,155906
156132,156081,156122,156141,156248
156394,156348,156385,156403,156510
156647,156600,156638,156656,156755
156905,156854,156896,156914,157017
157168,157118,157158,157177,157214
157430,157376,157419,157440,157547
157695,157641,157685,157704,157744
157959,157905,157950,157968,158073
158233,158180,158221,158243,158343
158489,158437,158478,158498,158552
158729,158680,158720,158738,158842
158974,158925,158964,158983,159090
159225,159178,159215,159234,159275
159479,159426,159469,159488,159592
159737,159685,159727,159747,159854
160001,159947,159991,160010,160117
160260,160210,160249,160269,160305
160506,160454,160497,160515,160621
160755,160705,160744,160764,160869
161004,160955,160995,161013,161116
161254,161205,161244,161263,161360
161499,161449,161487,161509,161549
161764,161709,161755,161773,161874
162035,161978,162025,162044,162151
162308,162256,162298,162318,162358
162573,162522,162563,162582,162683
162835,162786,162826,162844,162881
163092,163042,163083,163101,163206
163362,163314,163352,163372,163475
163629,163578,163619,163638,163745
163899,163848,163889,163908,164015
164181,164127,164172,164191,164253
164461,164411,164451,164470,164574
164731,164678,164721,164740,164842
164991,164941,164982,165000,165105
165246,165195,165236,165255,165354
165499,165449,165488,165508,165604
165756,165702,165747,165765,165872
166032,165979,166020,166042,166144
166301,166250,166291,166310,166354
166570,166518,166560,166579,166686
166841,166789,166832,166850,166907
167111,167061,167101,167120,167167
167370,167323,167361,167379,167482
167641,167588,167632,167650,167693
167912,167862,167902,167921,168025
168190,168139,168181,168199,168247
168484,168433,168474,168494,168528
168784,168733,168773,168794,168828
169073,169022,169064,169082,169181
169349,169300,169340,169358,169462
169629,169579,169618,169638,169735
169907,169856,169896,169918,170019
170201,170146,170191,170210,170316
170494,170440,170482,170504,170607
170719,170663,170709,170728,170831
171074,171022,171064,171083,171149
171371,171324,171360,171381,171481
171651,171602,171640,171661,171759
171920,171873,171911,171929,172030
172199,172150,172190,172208,172309
172481,172431,172471,172491,172525
172776,172722,172766,172785,172852
173067,173013,173057,173076,173183
173351,173303,173340,173361,173413
173629,173580,173618,173639,173746
173906,173847,173897,173915,174015
174175,174127,174166,174184,174290
174451,174399,174441,174461,174508
174737,174683,174727,174746,174813
175023,174969,175013,175032,175073
175322,175270,175313,175331,175438
175608,175557,175598,175617,175718
175877,175830,175867,175886,175952
176145,176095,176135,176154,176260
176427,176376,176417,176436,176541
176698,176648,176687,176709,176747
176975,176926,176964,176984,177027
177248,177199,177238,177258,177304
177523,177476,177513,177532,177571
177797,177746,177786,177806,177849
178059,178012,178049,178070,178170
178316,178267,178306,178325,178429
178577,178529,178567,178587,178633
178841,178790,178831,178850,178955
179117,179068,179107,179126,179168
179387,179339,179377,179397,179504
179662,179610,179652,179671,179708
179926,179878,179917,179935,180042
180182,180133,180173,180191,180293
180443,180396,180433,180453,180556
180705,180657,180695,180714,180753
180964,180911,180954,180973,181080
181236,181183,181226,181245,181352
181523,181472,181513,181532,181587
181811,181760,181801,181820,181925
182084,182035,182075,182093,182197
182353,182304,182342,182364,182412
182624,182577,182614,182633,182736
182896,182845,182885,182906,182942
183181,183126,183171,183190,183297
183475,183421,183465,183484,183591
183778,183727,183767,183788,183827
184071,184019,184059,184081,184136
184361,184312,184351,184370,184409
184649,184600,184640,184658,184756
184933,184885,184924,184942,185049
185213,185161,185203,185222,185326
185510,185459,185500,185519,185569
185828,185773,185818,185838,185878
186137,186083,186127,186147,186254
186427,186378,186418,186436,186497
186717,186666,186707,186726,186832
187004,186945,186993,187014,187117
187291,187245,187281,187299,187405
187577,187526,187565,187587,187694
187871,187825,187862,187881,187988
188179,188127,188168,188188,188222
188480,188427,188471,188490,188592
188763,188713,188753,188772,188875
189043,188997,189033,189052,189157
189330,189280,189320,189339,189408
189624,189564,189615,189633,189697
189929,189878,189919,189938,190001
190228,190180,190218,190237,190276
190529,190478,190519,190537,190644
190820,190772,190811,190829,190934
191112,191065,191103,191121,191226
191395,191346,191384,191405,191452
191673,191613,191663,191683,191790
191977,191923,191967,191986,192034
192281,192228,192271,192290,192324
192575,192513,192565,192584,192643
192862,192813,192853,192871,192976
193146,193099,193137,193155,193203
193423,193362,193413,193432,193483
193702,193655,193693,193711,193775
193994,193943,193984,194003,194043
194280,194230,194271,194289,194364
194574,194510,194564,194584,194632
194868,194819,194857,194878,194983
195155,195108,195145,195165,195205
195426,195377,195415,195436,195475
195701,195653,195691,195709,195813
195978,195927,195968,195987,196094
196268,196215,196258,196278,196324
196560,196507,196550,196569,196616
196847,196782,196836,196856,196905
197132,197081,197121,197141,197198
197414,197368,197405,197423,197465
197684,197640,197675,197693,197794
197949,197900,197940,197958,198064
198224,198173,198214,198234,198282
198504,198452,198494,198513,198559
198791,198738,198781,198801,198847
199075,199023,199066,199084,199134
199353,199306,199343,199362,199466
199619,199570,199609,199628,199668
199894,199843,199884,199903,200008
200161,200111,200149,200171,200274
200434,200387,200423,200444,200489
200714,200658,200702,200724,200762
200992,200941,200982,201002,201108
201271,201222,201261,201280,201343
201545,201493,201535,201554,201597
201806,201755,201797,201815,201853
202067,202016,202057,202076,202179
202339,202290,202329,202348,202386
202614,202562,202602,202624,202659
202896,202842,202886,202905,202938
203182,203127,203172,203191,203236
203468,203414,203458,203477,203584
203741,203688,203731,203750,203793
204021,203968,204011,204030,204137
204299,204248,204290,204308,204415
204574,204523,204563,204584,204638
204854,204799,204844,204863,204911
205158,205103,205148,205167,205274
205458,205402,205448,205468,205573
205737,205685,205727,205746,205783
206016,205968,206006,206026,206133
206288,206239,206279,206297,206357
206567,206518,206557,206576,206683
206844,206793,206833,206854,206954
207129,207075,207120,207138,207180
207421,207365,207411,207430,207500
207724,207671,207713,207734,207779
208004,207956,207995,208013,208117
208277,208228,208268,208286,208335
208548,208498,208539,208557,208622
208822,208771,208812,208831,208937
209100,209046,209090,209109,209215
209392,209338,209383,209401,209505
209683,209629,209674,209692,209799
209973,209921,209963,209982,210026
210255,210205,210245,210265,210298
210533,210483,210523,210542,210646
210809,210760,210799,210818,210921
211085,211035,211074,211094,211196
211364,211312,211355,211373,211419
211654,211601,211644,211663,211731
211951,211896,211941,211960,212067
212228,212176,212218,212237,212344
212501,212452,212492,212511,212612
212777,212727,212768,212786,212893
213058,213007,213048,213067,213167
213326,213274,213316,213335,213376
213606,213553,213597,213615,213653
213894,213841,213884,213903,213943
214181,214125,214171,214190,214296
214465,214413,214455,214474,214581
214737,214687,214728,214746,214786
215005,214959,214995,215014,215121
215280,215231,215270,215290,215396
215563,215508,215553,215572,215608
215850,215795,215840,215859,215900
216140,216088,216131,216150,216257
216431,216378,216421,216440,216547
216709,216658,216700,216718,216759
216990,216940,216980,216999,217104
217268,217219,217259,217277,217381
217547,217499,217537,217556,217658
217824,217773,217813,217833,217872
218122,218066,218112,218131,218238
218416,218364,218405,218427,218469
218703,218654,218692,218713,218817
218972,218923,218963,218981,219087
219246,219198,219237,219255,219358
219529,219480,219517,219540,219580
219813,219762,219803,219822,219874
220098,220044,220088,220107,220212
220391,220342,220381,220400,220507
220691,220640,220680,220701,220738
220977,220927,220967,220986,221092
221252,221206,221243,221261,221322
221527,221475,221517,221536,221641
221803,221756,221794,221812,221916
222081,222028,222071,222090,222124
222375,222321,222365,222384,222451
222666,222614,222656,222675,222740
222951,222901,222941,222960,223001
223227,223175,223218,223237,223281
223507,223460,223497,223516,223623
223783,223733,223774,223792,223893
224047,223996,224037,224055,224098
224328,224274,224317,224338,224445
224621,224564,224611,224630,224697
224915,224862,224905,224924,224970
225195,225143,225185,225204,225311
225472,225422,225462,225481,225588
225743,225695,225733,225753,225860
226024,225972,226014,226033,226073
226296,226242,226286,226305,226412
226573,226521,226562,226584,226691
226863,226809,226853,226872,226921
227144,227093,227133,227155,227194
227426,227375,227416,227436,227477
227702,227656,227692,227710,227815
227975,227928,227966,227984,228088
228238,228187,228229,228247,228292
228516,228464,228506,228527,228563
228807,228753,228797,228817,228858
229094,229043,229085,229103,229210
229376,229323,229366,229385,229426
229659,229608,229650,229668,229769
229935,229886,229926,229945,230050
230214,230162,230204,230223,230327
230484,230430,230475,230493,230548
230760,230709,230751,230770,230818
231058,231002,231048,231067,231106
231357,231303,231344,231367,231473
231638,231588,231629,231647,231687
231913,231862,231904,231922,232023
232190,232139,232181,232199,232303
232459,232395,232449,232468,232516
232732,232679,232722,232741,232777
233015,232961,233006,233025,233071
233301,233251,233292,233310,233417
233588,233532,233578,233597,233642
233875,233823,233865,233884,233987
234151,234100,234141,234160,234258
234415,234364,234405,234424,234465
234684,234632,234674,234693,234737
234959,234905,234949,234968,235013
235249,235196,235239,235258,235321
235546,235492,235536,235555,235662
235827,235777,235818,235836,235873
236108,236055,236098,236117,236177
236390,236340,236380,236399,236459
236664,236613,236652,236674,236710
236927,236877,236916,236936,236981
237205,237151,237195,237214,237257
237495,237441,237485,237504,237611
237783,237730,237773,237792,237832
238070,238015,238060,238079,238117
238343,238291,238334,238352,238417
238610,238561,238600,238620,238723
238884,238834,238874,238893,239000
239157,239106,239146,239166,239205
239433,239382,239424,239442,239471
239717,239663,239707,239727,239834
239996,239944,239985,240007,240042
240266,240212,240255,240276,240317
240540,240489,240531,240550,240657
240809,240761,240798,240819,240859
241065,241016,241056,241074,241113
241318,241267,241309,241327,241391
241588,241535,241578,241598,241705
241855,241802,241845,241864,241899
242114,242063,242104,242123,242178
242373,242322,242364,242382,242489
242632,242581,242622,242641,242743
242879,242829,242870,242888,242929
243131,243082,243122,243140,243178
243388,243339,243378,243397,243500
243643,243596,243633,243652,243712
243908,243853,243898,243917,243962
244191,244136,244179,244200,244307
244461,244411,244451,244471,244578
244729,244680,244719,244738,244838
244984,244936,244975,244993,245095
245246,245197,245235,245256,245304
245515,245464,245505,245524,245629
245791,245742,245781,245801,245842
246065,246013,246055,246075,246114
246352,246300,246342,246361,246398
246647,246595,246638,246656,246763
246935,246887,246925,246944,246984
247201,247149,247190,247211,247249
247469,247417,247459,247478,247516
247741,247690,247732,247750,247800
248017,247965,248007,248027,248134
248300,248247,248289,248309,248369
248586,248536,248577,248595,248648
248878,248826,248868,248887,248991
249157,249108,249146,249168,249202
249433,249386,249424,249442,249482
249706,249658,249696,249715,249768
249988,249938,249978,249997,250104
250273,250221,250263,250282,250389
250557,250508,250547,250568,250609
250858,250804,250848,250867,250974
251160,251110,251150,251169,251270
251441,251394,251432,251450,251496
251710,251659,251699,251720,251758
251993,251943,251984,252002,252109
252285,252236,252275,252295,252333
252584,252533,252572,252594,252649
252867,252817,252858,252877,252914
253159,253107,253149,253168,253210
253456,253409,253446,253465,253571
253741,253696,253732,253750,253857
254010,253958,254000,254019,254122
254282,254232,254272,254291,254337
254585,254530,254575,254594,254701
254891,254836,254880,254901,255008
255170,255117,255159,255180,255220
255453,255401,255443,255462,255569
255738,255690,255728,255748,255852
256027,255981,256017,256036,256143
256295,256245,256285,256304,256344
256572,256521,256562,256581,256688
256860,256805,256848,256870,256916
257157,257103,257145,257167,257206
257439,257386,257430,257448,257485
257709,257659,257700,257718,257764
257966,257920,257956,257975,258078
258226,258175,258216,258235,258337
258478,258427,258467,258487,258593
258737,258686,258727,258746,258785
259005,258952,258994,259015,259122
259280,259226,259270,259289,259394
259541,259490,259531,259550,259586
259811,259761,259802,259820,259864
260076,260025,260066,260085,260189
260334,260289,260324,260343,260384
260585,260536,260576,260594,260641
260852,260801,260842,260861,260900
261132,261076,261122,261142,261249
261417,261361,261407,261427,261533
261690,261639,261680,261699,261745
261968,261918,261958,261977,262084
262241,262191,262231,262250,262357
262516,262465,262506,262525,262563
262788,262735,262779,262797,262903
263062,263009,263051,263072,263178
263350,263297,263340,263359,263402
263641,263587,263631,263650,263697
263931,263876,263921,263940,263988
264217,264165,264207,264226,264333
264498,264451,264489,264508,264607
264772,264723,264762,264782,264821
265062,265008,265051,265071,265173
265354,265299,265344,265363,265470
265651,265597,265639,265661,265768
265947,265892,265936,265956,265988
266238,266185,266228,266247,266354
266528,266477,266519,266537,266639
266815,266763,266805,266824,266930
267099,267049,267088,267108,267151
267375,267322,267366,267384,267419
267679,267624,267669,267688,267729
267978,267925,267968,267988,268092
268260,268205,268249,268269,268306
268544,268492,268534,268553,268659
268823,268772,268813,268832,268936
269102,269050,269092,269111,269152
269383,269334,269373,269393,269427
269669,269618,269660,269678,269718
269959,269906,269948,269970,270011
270256,270201,270246,270266,270303
270550,270496,270540,270559,270666
270821,270775,270812,270830,270935
271094,271043,271085,271103,271209
271370,271319,271360,271379,271417
271656,271607,271646,271665,271710
271952,271901,271941,271962,272001
272244,272190,272233,272253,272360
272533,272480,272523,272542,272578
272838,272786,272828,272848,272954
273123,273071,273114,273132,273239
273394,273344,273384,273403,273506
273675,273625,273665,273684,273731
273967,273920,273957,273976,274083
274264,274211,274254,274273,274321
274560,274507,274551,274569,274609
274852,274800,274843,274861,274966
275131,275081,275120,275140,275241
275403,275350,275393,275412,275456
275671,275621,275662,275680,275787
275949,275899,275939,275958,276065
276235,276182,276225,276244,276286
276516,276467,276506,276525,276632
276804,276751,276793,276814,276852
277102,277050,277092,277111,277213
277388,277339,277377,277398,277437
277649,277599,277639,277658,277762
277923,277872,277913,277932,277971
278211,278163,278201,278221,278328
278518,278467,278508,278527,278634
278814,278763,278804,278823,278862
279098,279047,279088,279108,279147
279382,279330,279372,279391,279498
279575,279511,279565,279585,279625
279918,279872,279907,279927,280032
280208,280162,280198,280218,280259
280511,280459,280501,280520,280559
280814,280750,280804,280823,280930
281110,281060,281100,281119,281226
281401,281352,281392,281410,281514
281682,281633,281672,281691,281788
281954,281905,281945,281964,282071
282232,282183,282220,282242,282282
282513,282466,282503,282522,282629
282801,282750,282791,282811,282918
283096,283044,283086,283105,283150
283389,283342,283379,283398,283436
283671,283622,283662,283681,283788
283943,283897,283933,283953,283994
284216,284167,284206,284225,284266
284491,284439,284479,284501,284608
284777,284725,284766,284787,284894
285073,285022,285063,285082,285189
285363,285313,285352,285372,285413
285652,285603,285643,285662,285709
285936,285875,285926,285945,286044
286210,286161,286200,286219,286261
286486,286436,286475,286495,286535
286763,286715,286752,286773,286811
287051,286987,287041,287061,287098
287353,287301,287340,287364,287404
287655,287607,287643,287666,287712
287944,287896,287934,287953,288005
288225,288164,288215,288234,288340
288506,288454,288496,288515,288616
288792,288743,288781,288802,288836
289076,289026,289066,289085,289128
289373,289320,289363,289382,289422
289667,289613,289657,289676,289709
289970,289921,289960,289980,290020
290257,290209,290247,290266,290306
290538,290489,290528,290547,290645
290813,290765,290803,290822,290928
291109,291060,291097,291120,291156
291407,291354,291394,291417,291453
291696,291646,291685,291706,291813
291990,291940,291980,291999,292044
292281,292231,292271,292290,292325
292566,292518,292557,292575,292614
292844,292799,292835,292853,292960
293122,293074,293113,293132,293239
293411,293363,293401,293420,293461
293712,293661,293702,293722,293763
294010,293959,294000,294020,294061
294295,294246,294285,294305,294411
294581,294532,294571,294591,294630
294857,294810,294846,294867,294974
295142,295094,295131,295152,295203
295421,295375,295411,295431,295538
295717,295665,295707,295726,295773
296013,295963,296003,296022,296063
296319,296270,296309,296328,296375
296611,296562,296601,296620,296726
296889,296840,296879,296898,297002
297169,297123,297159,297178,297284
297450,297402,297438,297460,297501
297738,297688,297728,297747,297783
298032,297981,298022,298042,298077
298334,298286,298324,298343,298384
298627,298574,298617,298636,298743
298920,298870,298910,298929,299035
299205,299156,299196,299215,299318
299483,299436,299473,299492,299599
299756,299706,299746,299765,299810
300051,299999,300041,300061,300099
300359,300306,300349,300369,300476
300662,300611,300652,300671,300778
300939,300892,300930,300949,300988
301210,301159,301201,301219,301325
301494,301440,301484,301503,301605
301781,301731,301771,301791,301898
302063,302013,302052,302073,302116
302347,302293,302337,302356,302402
302644,302589,302634,302654,302691
302947,302896,302936,302957,303064
303240,303191,303230,303249,303352
303502,303454,303492,303512,303554
303772,303725,303762,303782,303820
304065,304011,304054,304074,304115
304361,304308,304350,304371,304478
304639,304585,304629,304648,304694
304923,304870,304913,304932,304971
305211,305160,305200,305220,305264
305497,305449,305487,305507,305611
305708,305649,305698,305718,305818
306035,305985,306025,306044,306150
306337,306284,306327,306346,306453
306640,306588,306630,306650,306713
306943,306892,306930,306954,306993
307234,307185,307224,307243,307350
307513,307462,307504,307523,307629
307744,307692,307735,307753,307859
308062,308012,308052,308071,308175
308349,308302,308339,308358,308465
308625,308570,308615,308634,308741
308911,308859,308901,308921,308962
309216,309162,309206,309227,309260
309515,309465,309504,309525,309570
309780,309732,309770,309789,309828
310052,310002,310042,310061,310106
310332,310282,310323,310341,310447
310626,310573,310613,310636,310741
310914,310858,310904,310924,310962
311199,311146,311188,311209,311248
311488,311438,311476,311498,311531
311782,311731,311773,311792,311899
312062,312010,312052,312071,312107
312327,312281,312318,312336,312376
312605,312554,312595,312614,312720
312825,312766,312813,312836,312940
313193,313141,313181,313203,313247
313508,313457,313498,313517,313557
313808,313761,313797,313817,313858
314090,314041,314079,314099,314148
314373,314324,314362,314382,314426
314664,314615,314654,314673,314720
314952,314905,314942,314961,315067
315245,315193,315236,315254,315296
315541,315493,315531,315550,315657
315843,315791,315833,315852,315889
316135,316083,316125,316144,316184
316415,316363,316405,316424,316531
316693,316645,316683,316702,316809
316980,316928,316967,316991,317030
317265,317215,317256,317275,317315
317560,317508,317550,317569,317675
317784,317727,317774,317794,317900
318145,318095,318135,318154,318259
318437,318391,318428,318447,318553
318729,318678,318719,318738,318845
319011,318961,319001,319020,319089
319222,319159,319213,319232,319338
319586,319534,319576,319596,319642
319904,319853,319893,319914,320021
320205,320144,320195,320214,320319
320493,320446,320483,320502,320608
320786,320739,320776,320795,320899
321072,321024,321062,321081,321126
321371,321320,321362,321381,321485
321663,321612,321653,321672,321779
321968,321915,321958,321977,322020
322275,322224,322265,322284,322324
322573,322523,322563,322582,322622
322856,322797,322847,322865,322969
323137,323091,323126,323147,323252
323425,323378,323416,323434,323540
323730,323680,323719,323740,323779
324044,323992,324034,324053,324120
324340,324290,324329,324351,324458
324640,324588,324630,324650,324752
324929,324882,324919,324939,324979
325215,325166,325206,325224,325262
325494,325448,325484,325504,325566
325782,325731,325772,325792,325899
326088,326036,326077,326098,326144
326395,326344,326383,326406,326444
326697,326648,326688,326706,326769
326986,326938,326977,326995,327101
327276,327226,327266,327285,327326
327565,327517,327555,327575,327682
327858,327806,327846,327868,327916
328149,328096,328139,328158,328216
328452,328400,328442,328461,328509
328753,328705,328743,328763,328801
329056,329007,329045,329066,329110
329338,329279,329329,329347,329452
329619,329574,329609,329628,329733
329912,329862,329902,329921,329961
330216,330164,330206,330225,330270
330524,330469,330514,330533,330640
330819,330767,330809,330828,330934
331123,331072,331113,331133,331235
331411,331364,331401,331420,331527
331704,331654,331694,331714,331753
331989,331938,331978,331998,332105
332279,332231,332269,332288,332395
332588,332534,332578,332597,332637
332897,332848,332887,332906,332960
333199,333136,333189,333208,333315
333479,333432,333469,333488,333592
333768,333722,333758,333777,333818
334056,334006,334046,334065,334170
334348,334300,334337,334357,334464
334643,334589,334633,334652,334691
334943,334894,334933,334952,334993
335248,335195,335238,335258,335298
335543,335496,335533,335552,335659
335823,335764,335814,335832,335936
336100,336055,336090,336109,336211
336385,336337,336376,336394,336432
336679,336632,336669,336689,336727
336979,336926,336969,336989,337096
337281,337230,337269,337291,337331
337571,337522,337561,337580,337618
337862,337814,337851,337872,337979
338145,338099,338135,338155,338262
338431,338369,338422,338441,338495
338720,338671,338708,338730,338771
339024,338976,339015,339034,339080
339326,339275,339317,339336,339412
339634,339585,339622,339645,339682
339925,339876,339916,339934,340039
340205,340158,340194,340215,340254
340491,340442,340479,340502,340609
340780,340730,340770,340789,340896
341074,341026,341064,341084,341129
341379,341327,341369,341388,341434
341683,341633,341671,341693,341800
341974,341929,341964,341983,342090
342266,342221,342256,342275,342379
342547,342500,342536,342556,342658
342821,342760,342812,342831,342936
343115,343061,343102,343126,343159
343409,343358,343398,343419,343465
343705,343654,343695,343715,343822
343994,343943,343985,344004,344050
344279,344232,344268,344289,344393
344556,344497,344546,344565,344671
344842,344796,344831,344852,344955
345129,345077,345119,345138,345176
345415,345365,345405,345424,345465
345722,345666,345712,345732,345803
346017,345968,346006,346027,346069
346308,346261,346298,346317,346364
346596,346545,346586,346605,346707
346804,346751,346794,346813,346919
347147,347099,347136,347157,347264
347454,347405,347444,347463,347510
347759,347708,347749,347768,347807
348063,348009,348052,348072,348109
348366,348314,348355,348377,348483
348658,348610,348647,348667,348706
348934,348887,348925,348943,348983
349221,349170,349210,349230,349337
349502,349453,349491,349512,349556
349804,349752,349794,349814,349850
350112,350061,350102,350121,350168
350409,350358,350400,350418,350523
350692,350644,350682,350701,350808
350980,350931,350970,350989,351094
351265,351215,351255,351274,351378
351481,351426,351471,351490,351530
351820,351758,351810,351830,351872
352115,352064,352105,352124,352167
352415,352365,352405,352425,352463
352711,352663,352701,352720,352827
352986,352940,352977,352995,353051
353256,353206,353247,353266,353373
353547,353495,353535,353558,353598
353832,353780,353822,353841,353948
354128,354078,354117,354138,354182
354426,354371,354416,354435,354480
354717,354667,354707,354726,354796
355015,354967,355005,355024,355069
355302,355254,355293,355311,355352
355579,355534,355569,355588,355693
355858,355807,355848,355867,355932
356164,356112,356154,356174,356281
356463,356409,356453,356473,356511
356758,356708,356748,356767,356812
357045,356995,357036,357055,357161
357327,357280,357316,357337,357442
357610,357562,357600,357620,357666
357900,357851,357891,357909,357955
358186,358134,358176,358195,358300
358482,358428,358469,358492,358554
358788,358735,358777,358798,358836
359086,359035,359076,359095,359202
359364,359316,359355,359373,359480
359633,359585,359624,359642,359749
359902,359855,359893,359911,360018
360181,360132,360172,360191,360231
360470,360420,360461,360479,360586
360763,360716,360753,360772,360811
361051,361002,361041,361061,361100
361343,361291,361331,361353,361460
361625,361575,361614,361635,361673
361894,361846,361884,361903,362006
362162,362117,362153,362171,362278
362450,362401,362441,362460,362567
362732,362682,362722,362741,362782
363026,362976,363016,363036,363075
363318,363266,363308,363327,363434
363606,363555,363596,363615,363722
363878,363827,363868,363887,363991
364158,364108,364148,364167,364274
364446,364400,364437,364455,364516
364730,364682,364720,364740,364847
365022,364973,365012,365031,365073
365330,365278,365320,365340,365374
365640,365589,365630,365649,365754
365914,365861,365902,365924,365962
366191,366140,366181,366200,366306
366482,366429,366469,366492,366599
366778,366729,366767,366787,366827
367063,367010,367054,367072,367114
367363,367312,367353,367372,367441
367674,367621,367664,367683,367790
367960,367909,367950,367969,368073
368247,368196,368238,368256,368363
368531,368482,368521,368540,368647
368824,368774,368814,368833,368940
369109,369056,369098,369119,369156
369410,369357,369399,369419,369452
369714,369663,369705,369724,369831
370010,369960,369999,370021,370066
370279,370231,370269,370288,370393
370557,370506,370547,370566,370673
370842,370793,370832,370851,370956
371131,371078,371121,371140,371245
371405,371352,371394,371415,371467
371703,371649,371693,371712,371748
372006,371954,371997,372016,372123
372299,372250,372288,372309,372411
372557,372509,372548,372566,372672
372834,372787,372824,372844,372878
373123,373076,373114,373132,373191
373427,373376,373418,373437,373544
373712,373656,373701,373722,373775
374000,373946,373990,374009,374071
374303,374250,374292,374313,374420
374594,374543,374585,374603,374710
374854,374807,374844,374864,374904
375124,375075,375115,375133,375237
375412,375362,375402,375421,375475
375715,375661,375705,375724,375768
375998,375945,375987,376007,376047
376287,376232,376277,376296,376402
376576,376523,376566,376585,376692
376861,376810,376851,376870,376977
377080,377020,377070,377090,377136
377404,377357,377395,377413,377460
377700,377636,377690,377709,377751
378005,377954,377995,378014,378121
378308,378257,378298,378318,378356
378607,378559,378598,378617,378724
378886,378836,378875,378896,379000
379159,379112,379149,379168,379273
379439,379393,379429,379449,379488
379731,379683,379720,379741,379783
380023,379973,380012,380032,380138
380312,380261,380302,380321,380428
380610,380563,380600,380619,380659
380898,380849,380888,380907,380947
381172,381122,381163,381182,381288
381452,381401,381442,381462,381568
381724,381677,381713,381734,381776
382014,381962,382001,382025,382063
382308,382258,382298,382317,382424
382607,382557,382596,382618,382657
382895,382844,382885,382904,383008
383183,383134,383173,383192,383291
383457,383406,383446,383466,383566
383743,383693,383733,383752,383856
384027,383975,384017,384036,384082
384317,384267,384306,384326,384371
384614,384561,384604,384624,384698
384915,384865,384905,384924,385031
385205,385160,385195,385214,385319
385487,385440,385476,385496,385540
385768,385718,385759,385777,385880
386050,385998,386040,386059,386163
386348,386295,386338,386358,386398
386649,386598,386639,386658,386696
386941,386890,386931,386950,387057
387241,387187,387229,387251,387358
387533,387485,387523,387542,387586
387811,387763,387802,387820,387920
388084,388024,388075,388093,388131
388373,388325,388362,388382,388485
388671,388619,388661,388681,388727
388979,388927,388969,388989,389030
389277,389225,389267,389286,389393
389563,389512,389553,389572,389678
389859,389808,389849,389869,389907
390149,390101,390140,390158,390204
390434,390387,390424,390443,390505
390730,390679,390720,390739,390782
391039,390988,391029,391048,391103
391344,391293,391332,391354,391391
391640,391579,391631,391649,391756
391923,391873,391914,391933,392033
392204,392154,392194,392213,392258
392493,392442,392483,392502,392538
392780,392729,392770,392789,392851
393077,393028,393067,393086,393132
393377,393328,393367,393386,393493
393674,393624,393664,393683,393789
393957,393907,393947,393966,394072
394243,394196,394233,394252,394291
394519,394474,394509,394528,394569
394801,394752,394791,394810,394849
395096,395032,395086,395106,395154
395401,395351,395389,395410,395453
395697,395647,395687,395706,395742
395988,395939,395978,395998,396042
396268,396220,396259,396277,396323
396552,396503,396542,396562,396604
396845,396796,396835,396854,396894
397133,397086,397123,397143,397190
397335,397277,397325,397345,397380
397704,397650,397694,397713,397758
398007,397956,397997,398016,398057
398294,398246,398284,398303,398410
398569,398520,398559,398578,398684
398853,398806,398841,398863,398902
399139,399091,399129,399148,399190
399435,399385,399424,399446,399491
399730,399679,399719,399739,399846
400023,399976,400013,400032,400070
400321,400271,400308,400332,400365
400599,400553,400589,400608,400715
400877,400829,400867,400886,400993
401163,401115,401153,401172,401279
401453,401403,401442,401462,401503
401757,401706,401746,401768,401814
402060,402012,402051,402070,402177
402360,402310,402350,402370,402476
402646,402598,402635,402655,402700
402933,402871,402923,402942,403049
403215,403166,403205,403224,403331
403509,403456,403499,403518,403625
403804,403754,403794,403814,403853
404100,404050,404090,404110,404146
404403,404351,404393,404412,404474
404697,404651,404687,404706,404809
404979,404917,404970,404989,405092
405254,405205,405244,405264,405370
405543,405493,405532,405553,405590
405836,405784,405825,405845,405885
406130,406082,406120,406140,406178
406425,406373,406414,406434,406541
406715,406667,406705,406725,406758
407005,406956,406995,407014,407061
407287,407239,407275,407297,407398
407559,407515,407550,407568,407629
407849,407798,407838,407858,407965
408151,408099,408141,408161,408209
408451,408398,408442,408461,408527
408745,408692,408735,408755,408862
409030,408983,409019,409039,409078
409313,409267,409304,409323,409362
409597,409547,409587,409606,409713
409880,409832,409871,409890,409997
410176,410129,410166,410186,410235
410476,410424,410466,410486,410525
410781,410730,410771,410790,410897
411071,411019,411061,411080,411187
411352,411306,411342,411362,411410
411632,411585,411622,411641,411748
411915,411854,411905,411925,411966
412206,412155,412196,412215,412287
412511,412461,412500,412522,412564
412816,412766,412805,412826,412865
413109,413059,413098,413119,413156
413402,413351,413392,413411,413518
413692,413642,413682,413701,413739
413968,413919,413958,413978,414031
414249,414197,414239,414258,414365
414540,414474,414528,414550,414617
414847,414796,414837,414857,414898
415143,415092,415133,415152,415195
415430,415383,415419,415440,415547
415703,415658,415693,415712,415819
415994,415943,415984,416003,416105
416275,416227,416263,416286,416320
416555,416504,416545,416564,416637
416849,416796,416839,416859,416925
417152,417099,417140,417162,417208
417445,417393,417435,417454,417492
417728,417668,417719,417737,417844
418006,417958,417996,418015,418115
418283,418235,418272,418293,418398
418576,418526,418565,418586,418625
418866,418801,418855,418875,418938
419155,419104,419145,419165,419212
419453,419402,419443,419463,419496
419744,419693,419734,419754,419794
420021,419972,420012,420030,420136
420301,420256,420292,420311,420417
420583,420535,420573,420592,420697
420873,420821,420862,420882,420989
421173,421119,421163,421182,421219
421473,421419,421463,421483,421590
421766,421713,421753,421776,421815
421994,421939,421984,422003,422107
422320,422274,422310,422330,422437
422603,422557,422593,422613,422719
422818,422759,422808,422827,422932
423164,423118,423154,423173,423213
423461,423409,423452,423471,423543
423767,423715,423757,423777,423882
424064,424014,424054,424073,424110
424339,424291,424330,424348,424401
424616,424566,424606,424625,424732
424893,424844,424883,424902,425006
425188,425137,425177,425198,425236
425491,425441,425479,425501,425535
425788,425737,425779,425797,425904
426077,426031,426068,426087,426152
426380,426329,426370,426389,426427
426661,426612,426651,426670,426774
426938,426892,426928,426947,427054
427224,427172,427214,427234,427286
427523,427471,427513,427532,427580
427827,427775,427817,427837,427882
428128,428080,428119,428137,428184
428412,428367,428403,428422,428527
428698,428652,428688,428707,428747
428992,428942,428982,429001,429042
429276,429225,429265,429286,429329
429558,429511,429548,429568,429642
429867,429812,429856,429876,429983
430165,430114,430155,430175,430222
430470,430419,430460,430479,430519
430754,430706,430744,430763,430868
431034,430986,431023,431044,431083
431315,431268,431305,431324,431363
431615,431567,431605,431624,431731
431910,431857,431900,431919,432026
432209,432159,432198,432219,432256
432509,432459,432499,432518,432624
432798,432747,432789,432807,432848
433082,433031,433071,433091,433153
433364,433315,433355,433373,433480
433648,433599,433638,433657,433763
433841,433787,433831,433850,433897
434211,434160,434200,434221,434260
434513,434462,434503,434522,434629
434810,434760,434800,434819,434859
435096,435047,435085,435106,435139
435370,435320,435360,435379,435444
435658,435607,435648,435667,435772
435951,435900,435941,435960,436002
436149,436085,436139,436158,436206
436512,436460,436499,436522,436563
436819,436770,436810,436828,436935
437118,437069,437108,437127,437228
437400,437351,437390,437409,437514
437681,437633,437672,437690,437791
437964,437914,437953,437975,438011
438268,438217,438257,438277,438318
438570,438520,438559,438580,438620
438865,438814,438855,438874,438981
439158,439108,439148,439167,439274
439453,439403,439444,439462,439501
439739,439691,439729,439749,439789
440022,439972,440012,440031,440138
440312,440263,440300,440323,440364
440622,440569,440612,440631,440676
440933,440881,440923,440943,441050
441230,441181,441220,441240,441347
441518,441469,441508,441527,441634
441814,441765,441804,441823,441930
442108,442059,442099,442118,442225
442406,442356,442396,442415,442453
442623,442563,442613,442632,442739
442992,442944,442982,443001,443040
443304,443252,443294,443313,443368
443606,443559,443597,443615,443720
443888,443828,443878,443897,444003
444175,444127,444165,444184,444291
444473,444421,444463,444482,444589
444705,444651,444695,444714,444760
445060,444997,445050,445070,445141
445362,445312,445351,445372,445412
445658,445609,445648,445667,445774
445948,445898,445938,445957,445990
446226,446167,446217,446235,446341
446507,446458,446496,446517,446559
446799,446747,446789,446809,446916
447104,447051,447092,447114,447158
447401,447349,447391,447412,447455
447695,447643,447682,447704,447809
447980,447934,447970,447989,448034
448264,448214,448254,448273,448313
448548,448498,448538,448557,448664
448834,448786,448823,448845,448952
449137,449088,449126,449147,449185
449441,449388,449431,449450,449484
449747,449694,449737,449757,449864
450037,449974,450028,450047,450154
450325,450277,450315,450334,450436
450606,450558,450597,450616,450655
450895,450845,450884,450904,450950
451192,451139,451182,451202,451245
451501,451450,451491,451510,451556
451805,451755,451795,451815,451922
452100,452055,452091,452110,452165
452390,452340,452380,452399,452503
452677,452628,452668,452686,452789
452959,452909,452948,452968,453004
453250,453198,453238,453260,453305
453545,453496,453535,453555,453631
453852,453798,453842,453861,453906
454154,454102,454144,454163,454270
454443,454395,454434,454452,454492
454650,454594,454641,454660,454761
454996,454938,454987,455006,455112
455293,455247,455283,455302,455408
455587,455537,455577,455597,455640
455887,455835,455877,455897,456004
456189,456138,456178,456199,456306
456487,456435,456476,456496,456534
456771,456721,456761,456780,456887
457045,456989,457036,457055,457159
457333,457283,457323,457342,457381
457634,457582,457622,457644,457680
457937,457888,457927,457946,458053
458168,458109,458158,458178,458285
458523,458473,458514,458533,458639
458815,458767,458806,458825,458867
459103,459053,459093,459112,459150
459380,459319,459370,459389,459496
459664,459617,459654,459673,459722
459966,459913,459955,459976,460020
460275,460225,460265,460284,460391
460571,460523,460561,460581,460687
460858,460809,460847,460867,460971
461148,461100,461138,461157,461199
461433,461386,461423,461442,461546
461721,461671,461711,461730,461769
462014,461961,462004,462023,462130
462314,462263,462301,462324,462363
462621,462567,462610,462631,462675
462918,462869,462909,462928,463032
463197,463149,463187,463207,463314
463481,463432,463470,463490,463536
463764,463718,463754,463774,463808
464049,464001,464039,464058,464114
464360,464310,464350,464370,464477
464664,464615,464653,464675,464713
464959,464907,464949,464969,465015
465256,465206,465247,465266,465332
465538,465480,465529,465547,465654
465820,465771,465810,465829,465933
466104,466058,466094,466114,466150
466404,466355,466394,466413,466447
466707,466643,466697,466716,466784
467010,466962,467001,467019,467126
467308,467262,467298,467317,467352
467589,467539,467579,467598,467642
467878,467830,467867,467888,467995
468164,468102,468154,468173,468280
468459,468408,468449,468468,468502
468762,468709,468752,468771,468810
469065,469012,469053,469075,469115
469363,469312,469353,469372,469413
469660,469615,469650,469670,469707
469941,469895,469932,469951,469991
470230,470169,470220,470239,470346
470530,470478,470519,470540,470593
470837,470783,470826,470846,470953
471138,471085,471128,471148,471255
471443,471391,471433,471453,471560
471727,471664,471717,471736,471842
472018,471967,472009,472028,472133
472304,472255,472294,472313,472419
472588,472541,472579,472598,472660
472887,472836,472876,472896,472960
473201,473152,473191,473210,473317
473498,473450,473488,473508,473614
473791,473740,473781,473800,473902
474073,474026,474064,474083,474185
474362,474312,474351,474371,474411
474652,474601,474642,474661,474768
474942,474892,474931,474953,475060
475237,475186,475227,475247,475315
475547,475497,475536,475557,475595
475851,475801,475841,475860,475967
476136,476076,476127,476145,476249
476416,476370,476407,476425,476530
476705,476657,476695,476715,476754
476999,476948,476990,477009,477116
477307,477256,477297,477316,477423
477604,477553,477592,477614,477721
477898,477849,477888,477907,477947
478195,478145,478185,478204,478244
478480,478430,478471,478489,478596
478757,478709,478747,478766,478869
479039,478990,479030,479049,479156
479331,479284,479321,479341,479381
479633,479582,479623,479642,479707
479931,479881,479921,479940,480003
480218,480170,480207,480227,480332
480494,480445,480484,480503,480541
480779,480730,480769,480788,480834
481056,481010,481047,481066,481107
481340,481295,481330,481350,481457
481641,481592,481629,481651,481692
481941,481891,481931,481950,482057
482239,482193,482229,482248,482287
482525,482475,482515,482534,482638
482801,482756,482791,482810,482916
483071,483020,483061,483080,483187
483350,483299,483340,483359,483429
483634,483585,483623,483644,483751
483930,483883,483920,483940,483983
484220,484171,484209,484230,484265
484506,484444,484497,484516,484621
484785,484736,484776,484794,484901
485072,485026,485063,485081,485184
485352,485304,485341,485362,485401
485641,485590,485631,485650,485757
485939,485890,485929,485949,485986
486253,486202,486243,486262,486299
486556,486507,486546,486566,486606
486844,486783,486834,486853,486960
487128,487081,487119,487137,487242
487423,487375,487412,487433,487475
487718,487670,487708,487728,487765
488018,487967,488006,488028,488135
488320,488268,488310,488329,488376
488635,488581,488622,488645,488690
488931,488881,488921,488940,488986
489214,489156,489205,489223,489326
489496,489435,489487,489506,489613
489788,489741,489778,489798,489838
490090,490039,490080,490100,490139
490393,490344,490383,490403,490469
490695,490645,490684,490705,490812
490994,490946,490983,491004,491042
491287,491238,491277,491296,491344
491570,491520,491560,491579,491639
491849,491800,491840,491859,491966
492145,492093,492135,492154,492193
492444,492393,492434,492454,492493
492750,492699,492740,492759,492830
493046,492997,493036,493055,493108
493339,493294,493330,493349,493450
493623,493577,493614,493632,493739
493913,493865,493904,493923,494030
494199,494147,494189,494208,494267
494491,494440,494481,494500,494539
494789,494737,494777,494800,494841
495085,495030,495075,495094,495201
495370,495319,495359,495379,495486
495648,495600,495639,495658,495698
495924,495876,495914,495933,495980
496201,496155,496191,496210,496244
496499,496448,496489,496509,496560
496712,496664,496702,496722,496829
497074,497022,497064,497083,497120
497376,497324,497366,497386,497421
497664,497614,497654,497673,497780
497944,497898,497935,497954,497991
498230,498182,498220,498239,498280
498517,498466,498506,498527,498580
498811,498758,498801,498821,498859
499114,499067,499104,499123,499158
499417,499363,499406,499427,499534
499701,499653,499691,499711,499818
499987,499937,499977,499996,500100
500267,500216,500256,500277,500384
500548,500500,500539,500558,500598
500847,500797,500835,500857,500905
501145,501095,501135,501154,501193
501448,501393,501436,501457,501496
501745,501681,501735,501754,501861
502038,501989,502027,502048,502094
502316,502266,502305,502325,502376
502601,502550,502591,502610,502717
502888,502834,502878,502897,503004
503190,503137,503180,503200,503239
503496,503446,503486,503506,503551
503793,503745,503784,503803,503910
504080,504030,504070,504090,504159
504372,504322,504360,504383,504425
504654,504603,504644,504663,504766
504935,504887,504925,504945,504982
505227,505176,505217,505236,505300
505528,505474,505518,505538,505645
505830,505778,505819,505839,505876
506125,506074,506115,506134,506180
506397,506340,506388,506407,506511
506679,506616,506669,506688,506795
506969,506920,506959,506978,507016
507256,507209,507246,507265,507308
507552,507503,507542,507561,507607
507855,507803,507845,507864,507971
508159,508109,508148,508170,508206
508455,508406,508445,508464,508508
508744,508697,508733,508753,508857
509019,508972,509009,509028,509135
509319,509269,509309,509328,509364
509623,509574,509613,509633,509679
509923,509876,509914,509932,509978
510220,510158,510210,510230,510302
510520,510472,510510,510529,510633
510804,510758,510794,510813,510917
511093,511045,511083,511101,511208
511371,511325,511361,511380,511487
511659,511608,511650,511669,511723
511970,511919,511960,511980,512028
512277,512225,512267,512286,512333
512567,512517,512555,512577,512625
512851,512801,512841,512860,512921
513135,513088,513124,513144,513183
513424,513373,513414,513433,513473
513719,513670,513708,513729,513770
514014,513951,514004,514023,514130
514318,514267,514307,514327,514379
514628,514577,514617,514637,514744
514919,514868,514909,514928,515033
515194,515143,515182,515204,515308
515475,515429,515465,515485,515531
515762,515712,515751,515771,515812
516065,516011,516055,516074,516126
516371,516321,516361,516380,516419
516667,516618,516656,516677,516784
516970,516920,516960,516979,517018
517266,517217,517256,517275,517314
517553,517504,517543,517562,517601
517832,517781,517822,517841,517948
518127,518076,518114,518138,518175
518426,518373,518416,518436,518483
518734,518685,518723,518743,518785
519028,518979,519017,519038,519145
519307,519259,519298,519316,519377
519594,519546,519584,519603,519710
519882,519834,519872,519891,519996
520149,520098,520139,520158,520265
520462,520413,520452,520472,520579
520768,520721,520758,520778,520884
520982,520923,520972,520991,521030
521342,521295,521332,521351,521414
521627,521578,521618,521636,521742
521912,521862,521903,521922,522027
522209,522158,522199,522218,522264
522511,522461,522501,522520,522554
522815,522763,522803,522826,522883
523116,523066,523105,523126,523233
523416,523368,523406,523425,523471
523707,523659,523697,523717,523821
523999,523948,523988,524008,524114
524279,524219,524270,524288,524395
524577,524527,524566,524587,524631
524890,524838,524879,524900,524938
525198,525146,525187,525207,525253
525492,525446,525482,525501,525608
525780,525734,525770,525790,525895
526064,526019,526054,526073,526112
526355,526306,526346,526364,526471
526646,526596,526635,526655,526717
526940,526889,526931,526950,527057
527243,527190,527233,527253,527294
527548,527496,527538,527558,527604
527838,527774,527828,527847,527890
528118,528056,528108,528127,528230
528402,528354,528392,528411,528453
528689,528638,528679,528698,528746
528991,528927,528981,529000,529072
529293,529241,529283,529302,529339
529599,529552,529589,529609,529648
529896,529848,529887,529906,530013
530190,530141,530181,530199,530305
530471,530422,530461,530480,530587
530762,530711,530751,530772,530816
531057,531004,531046,531067,531174
531358,531307,531347,531367,531403
531668,531614,531658,531677,531744
531967,531917,531957,531976,532023
532257,532207,532247,532266,532372
532544,532495,532534,532553,532658
532828,532782,532817,532838,532884
533121,533071,533111,533131,533238
533415,533363,533405,533425,533457
533719,533668,533708,533729,533776
534012,533962,534001,534024,534058
534307,534257,534297,534316,534422
534592,534542,534580,534601,534708
534872,534824,534862,534883,534929
535161,535114,535150,535170,535213
535459,535407,535449,535468,535535
535768,535720,535757,535777,535817
536067,536017,536057,536076,536183
536364,536313,536354,536374,536411
536644,536595,536635,536654,536758
536930,536879,536920,536939,537045
537211,537162,537201,537221,537256
537505,537454,537495,537514,537561
537810,537758,537798,537820,537870
538114,538064,538103,538125,538164
538421,538374,538411,538430,538471
538707,538661,538697,538717,538821
538993,538947,538983,539002,539109
539278,539228,539268,539287,539394
539575,539525,539564,539585,539626
539873,539822,539862,539884,539923
540172,540124,540162,540181,540252
540471,540419,540461,540481,540519
540768,540722,540758,540778,540817
541052,541007,541042,541061,541100
541333,541289,541324,541343,541450
541616,541567,541606,541625,541697
541916,541865,541904,541926,541967
542226,542176,542215,542236,542283
542529,542481,542519,542539,542578
542825,542775,542815,542834,542940
543115,543068,543106,543125,543232
543407,543357,543397,543416,543523
543688,543641,543678,543698,543735
543983,543933,543973,543992,544032
544285,544233,544275,544295,544368
544590,544540,544579,544599,544641
544895,544842,544885,544904,544950
545182,545135,545172,545191,545236
545455,545393,545445,545464,545571
545741,545691,545731,545750,545796
546022,545974,546012,546031,546138
546306,546256,546296,546315,546352
546599,546547,546588,546609,546654
546792,546778,546791,546792,546809
547199,547150,547189,547209,547247
547482,547434,547471,547491,547534
547758,547697,547748,547767,547870
548032,547982,548022,548041,548148
548334,548283,548323,548344,548378
548632,548580,548622,548641,548679
548926,548872,548916,548935,548971
549217,549164,549206,549227,549334
549501,549451,549491,549511,549615
549784,549738,549774,549793,549831
550069,550020,550060,550079,550186
550348,550300,550339,550357,550464
550639,550587,550626,550650,550684
550952,550898,550941,550961,551008
551253,551201,551241,551263,551310
551532,551480,551522,551541,551648
551815,551764,551804,551824,551926
552096,552047,552086,552105,552148
552385,552335,552375,552394,552431
552680,552632,552669,552690,552731
552974,552924,552964,552984,553091
553282,553230,553271,553292,553324
553588,553541,553578,553597,553703
553876,553829,553867,553885,553989
554154,554106,554143,554163,554265
554439,554388,554429,554448,554551
554723,554676,554713,554732,554776
555026,554972,555016,555036,555084
555323,555274,555313,555333,555373
555613,555567,555603,555622,555729
555914,555864,555903,555924,555965
556203,556158,556193,556213,556253
556485,556439,556476,556494,556541
556765,556714,556755,556774,556816
557056,557009,557046,557065,557124
557361,557309,557350,557370,557409
557667,557615,557657,557677,557716
557961,557911,557952,557971,558033
558238,558181,558228,558247,558353
558527,558477,558514,558537,558574
558813,558764,558803,558822,558927
559102,559054,559091,559112,559159
559395,559343,559385,559404,559457
559695,559647,559685,559704,559768
559997,559948,559987,560007,560057
560295,560244,560284,560305,560355
560576,560527,560566,560585,560689
560846,560785,560836,560856,560922
561141,561090,561131,561151,561189
561435,561387,561424,561444,561484
561732,561682,561721,561742,561781
562019,561969,562009,562028,562103
562308,562262,562298,562318,562378
562591,562542,562582,562601,562643
562812,562757,562802,562821,562923
563141,563092,563129,563152,563189
563423,563372,563413,563433,563540
563731,563677,563720,563740,563786
564030,563979,564020,564039,564091
564320,564258,564310,564329,564395
564601,564554,564590,564612,564719
564882,564840,564873,564891,564938
565164,565117,565154,565173,565212
565452,565403,565443,565462,565569
565741,565690,565731,565750,565857
566040,565989,566030,566050,566090
566259,566200,566249,566269,566308
566615,566569,566606,566624,566731
566898,566851,566889,566907,567014
567184,567134,567174,567193,567300
567379,567314,567368,567389,567434
567721,567671,567711,567730,567775
568026,567976,568016,568036,568143
568326,568273,568316,568336,568400
568624,568574,568614,568633,568693
568919,568868,568907,568930,568968
569204,569157,569194,569213,569320
569482,569434,569472,569491,569597
569762,569714,569751,569772,569879
570058,570007,570048,570067,570114
570366,570313,570356,570375,570421
570667,570618,570658,570677,570784
570957,570909,570947,570966,571071
571246,571195,571236,571255,571359
571538,571490,571527,571548,571591
571831,571781,571820,571840,571947
572122,572071,572112,572131,572238
572428,572376,572417,572437,572480
572730,572683,572720,572740,572785
573040,572988,573030,573049,573093
573328,573270,573318,573337,573440
573608,573560,573598,573617,573717
573893,573842,573883,573903,573942
574193,574139,574183,574202,574237
574429,574371,574419,574439,574484
574785,574724,574775,574795,574858
575095,575043,575085,575104,575155
575386,575338,575376,575396,575437
575678,575627,575668,575687,575738
575958,575913,575949,575968,576075
576248,576202,576238,576257,576364
576550,576497,576540,576560,576598
576862,576812,576852,576872,576913
577162,577109,577152,577172,577243
577456,577404,577446,577465,577572
577740,577692,577731,577750,577789
578024,577975,578014,578034,578086
578310,578261,578300,578320,578427
578600,578550,578588,578610,578646
578901,578854,578891,578910,578949
579204,579155,579194,579214,579254
579448,579389,579438,579457,579497
579790,579745,579780,579799,579904
580074,580025,580062,580084,580126
580357,580307,580347,580366,580470
580647,580599,580638,580657,580704
580947,580896,580936,580958,581001
581246,581195,581236,581255,581324
581542,581492,581532,581552,581659
581834,581786,581823,581844,581884
582119,582074,582109,582128,582235
582395,582348,582385,582404,582509
582668,582624,582659,582678,582785
582919,582868,582909,582929,582960
583239,583188,583229,583248,583287
583538,583487,583528,583548,583588
583821,583773,583811,583830,583937
584097,584050,584088,584106,584208
584363,584314,584354,584372,584477
584634,584588,584625,584643,584750
584903,584854,584893,584912,585019
585175,585124,585165,585184,585231
585454,585402,585444,585464,585526
585731,585681,585721,585740,585778
586011,585964,586001,586020,586127
586275,586226,586266,586284,586337
586524,586475,586515,586533,586640
586771,586724,586761,586780,586887
587030,586982,587021,587039,587076
587299,587248,587288,587308,587415
587571,587521,587562,587580,587687
587842,587790,587833,587851,587891
588113,588061,588101,588124,588170
588376,588326,588367,588385,588490
588643,588595,588632,588653,588690
588905,588861,588896,588914,588953
589176,589128,589165,589186,589286
589453,589401,589444,589462,589569
589746,589690,589737,589756,589802
590040,589989,590030,590050,590095
590316,590267,590307,590325,590429
590588,590538,590578,590597,590704
590863,590816,590854,590872,590977
591143,591093,591134,591152,591259
591417,591369,591406,591427,591471
591706,591652,591696,591716,591754
591999,591948,591987,592009,592055
592288,592233,592278,592297,592339
592571,592521,592562,592580,592647
592853,592805,592842,592862,592965
593068,593006,593058,593077,593182
593387,593339,593377,593396,593501
593683,593632,593672,593693,593734
593990,593938,593980,593999,594066
594280,594228,594268,594290,594324
594563,594512,594553,594572,594643
594855,594806,594845,594864,594971
595126,595077,595117,595136,595183
595402,595353,595392,595410,595450
595689,595639,595680,595699,595806
595992,595940,595982,596001,596048
596278,596224,596268,596287,596327
596583,596530,596574,596593,596656
596879,596828,596869,596888,596994
597136,597086,597126,597145,597203
597401,597351,597392,597410,597517
597670,597618,597660,597679,597785
597925,597877,597915,597934,597986
598186,598132,598176,598195,598257
598458,598402,598448,598467,598509
598713,598659,598702,598722,598764
598969,598918,598959,598978,599031
599222,599171,599212,599230,599284
599468,599417,599459,599477,599575
599703,599655,599693,599712,599750
599952,599900,599942,599962,600002
600214,600165,600204,600224,600331
600483,600432,600473,600492,600538
600738,600685,600728,600748,600790
601010,600956,601000,601020,601126
601272,601223,601263,601281,601388
601537,601487,601527,601546,601598
601799,601750,601789,601808,601858
602063,602012,602054,602072,602122
602330,602278,602320,602339,602446
602610,602556,602597,602620,602663
602893,602844,602883,602902,602939
603178,603126,603169,603187,603291
603455,603403,603445,603464,603504
603721,603669,603710,603731,603770
603989,603936,603979,603998,604105
604276,604226,604266,604286,604390
604563,604509,604553,604573,604619
604844,604794,604833,604855,604888
605148,605092,605138,605158,605226
605459,605408,605447,605468,605573
605737,605687,605727,605746,605785
606007,605959,605998,606017,606120
606293,606243,606283,606302,606403
606587,606535,606574,606598,606703
606880,606828,606869,606889,606927
607178,607126,607166,607188,607229
607475,607414,607465,607484,607530
607766,607714,607754,607776,607814
608043,607993,608033,608052,608152
608309,608261,608299,608317,608420
608576,608512,608566,608585,608685
608853,608802,608841,608864,608899
609136,609084,609125,609145,609202
609425,609373,609415,609434,609507
609715,609665,609706,609724,609763
609987,609939,609978,609996,610094
610262,610210,610251,610271,610377
610544,610493,610534,610553,610597
610823,610774,610813,610832,610876
611108,611055,611096,611119,611226
611399,611348,611389,611409,611516
611695,611642,611685,611704,611744
611986,611935,611976,611995,612102
612263,612206,612254,612272,612314
612539,612493,612529,612549,612585
612819,612769,612809,612828,612935
613108,613056,613098,613117,613222
613399,613350,613389,613409,613453
613693,613642,613683,613702,613741
613983,613932,613972,613993,614031
614259,614207,614249,614268,614373
614539,614490,614529,614548,614653
614816,614769,614806,614825,614879
615089,615043,615080,615098,615202
615370,615322,615360,615380,615425
615676,615624,615665,615686,615725
615968,615915,615958,615977,616024
616250,616203,616240,616259,616366
616526,616478,616515,616536,616639
616803,616755,616793,616812,616852
617085,617037,617074,617096,617132
617366,617318,617356,617375,617482
617655,617607,617645,617664,617704
617949,617899,617939,617959,617997
618248,618195,618238,618257,618301
618528,618479,618518,618537,618592
618804,618758,618794,618813,618918
619081,619032,619071,619090,619130
619362,619313,619352,619371,619415
619653,619602,619642,619663,619719
619951,619901,619941,619960,620067
620249,620196,620237,620259,620303
620541,620490,620531,620550,620655
620825,620778,620815,620835,620873
621102,621055,621092,621111,621148
621379,621331,621369,621388,621431
621661,621597,621651,621670,621712
621943,621895,621934,621953,622023
622246,622194,622236,622256,622363
622541,622491,622531,622550,622597
622823,622762,622813,622832,622878
623089,623044,623079,623099,623206
623367,623321,623357,623376,623483
623638,623592,623629,623647,623754
623917,623868,623908,623927,624033
624190,624144,624180,624201,624261
624482,624432,624472,624491,624525
624765,624714,624755,624774,624816
625048,624998,625036,625058,625105
625309,625248,625300,625318,625423
625579,625532,625569,625588,625689
625853,625803,625842,625863,625906
626138,626087,626128,626147,626193
626427,626375,626417,626436,626484
626715,626664,626704,626725,626770
626999,626947,626989,627009,627110
627281,627229,627271,627290,627334
627555,627504,627545,627564,627666
627827,627779,627817,627836,627876
628103,628043,628093,628112,628151
628391,628342,628380,628401,628444
628688,628636,628678,628697,628735
628980,628929,628971,628990,629097
629170,629106,629160,629180,629214
629494,629444,629482,629505,629609
629761,629713,629751,629770,629807
630027,629979,630016,630037,630076
630289,630227,630280,630298,630405
630561,630509,630550,630571,630615
630836,630786,630824,630847,630893
631110,631056,631100,631119,631156
631377,631330,631367,631386,631493
631635,631576,631626,631644,631747
631898,631853,631887,631908,631943
632156,632107,632145,632166,632206
632414,632363,632403,632423,632527
632687,632638,632677,632697,632737
632958,632906,632948,632968,633073
633229,633181,633218,633239,633279
633498,633445,633486,633508,633553
633767,633717,633758,633777,633881
634028,633979,634018,634037,634069
634283,634238,634274,634292,634390
634545,634498,634535,634555,634658
634826,634778,634816,634836,634942
635107,635056,635096,635116,635152
635394,635341,635384,635403,635436
635684,635633,635674,635694,635801
635966,635917,635956,635975,636013
636238,636187,636227,636248,636288
636520,636472,636510,636529,636632
636811,636765,636801,636820,636922
637105,637054,637094,637116,637154
637399,637349,637389,637408,637443
637704,637651,637694,637713,637817
637997,637949,637987,638006,638068
638282,638236,638272,638292,638328
638560,638512,638550,638569,638617
638846,638782,638836,638855,638962
639140,639090,639130,639149,639218
639446,639396,639436,639455,639495
639744,639698,639734,639753,639798
640039,639981,640030,640048,640154
640328,640282,640317,640338,640442
640615,640569,640605,640624,640664
640900,640851,640889,640910,640946
641177,641127,641168,641186,641293
641479,641425,641467,641489,641527
641777,641725,641767,641786,641828
642065,642016,642056,642074,642112
642337,642282,642327,642346,642453
642614,642569,642604,642623,642670
642887,642841,642876,642897,642936
643164,643114,643154,643173,643276
643439,643388,643428,643448,643555
643721,643674,643710,643731,643838
644005,643954,643995,644014,644057
644286,644238,644277,644295,644351
644547,644498,644536,644558,644614
644807,644758,644797,644816,644862
645062,645016,645053,645071,645171
645320,645271,645311,645329,645372
645581,645534,645571,645590,645631
645863,645814,645853,645872,645919
646132,646086,646122,646141,646182
646393,646342,646383,646402,646509
646658,646610,646648,646668,646775
646916,646871,646905,646927,646982
647167,647120,647158,647176,647216
647414,647364,647404,647423,647489
647672,647608,647662,647681,647719
647934,647884,647924,647944,647984
648203,648153,648193,648213,648282
648476,648426,648464,648486,648547
648732,648686,648723,648741,648778
648978,648930,648969,648987,649036
649231,649184,649222,649240,649345
649484,649436,649474,649493,649529
649733,649686,649724,649742,649845
649992,649941,649979,649999,649999
