P_peaks,Q_peaks,R_peaks,S_peaks,T_peaks
25,67,76,86,127
320,359,370,380,487
616,653,662,671,712
898,936,946,955,1061
1180,1221,1231,1240,1347
1465,1505,1515,1524,1631
1758,1799,1809,1818,1861
1987,2034,2044,2053,2090
2355,2392,2402,2412,2487
2656,2696,2705,2715,2822
2951,2988,2997,3006,3060
3234,3273,3282,3291,3347
3499,3550,3559,3568,3636
3811,3852,3862,3871,3978
4116,4160,4170,4179,4224
4416,4456,4465,4475,4507
4701,4754,4764,4774,4819
5009,5050,5060,5069,5173
5300,5336,5346,5355,5392
5584,5622,5633,5643,5749
5870,5909,5918,5927,6034
6162,6204,6214,6223,6261
6474,6516,6526,6536,6580
6771,6813,6823,6832,6937
7054,7096,7105,7115,7219
7342,7379,7391,7401,7435
7624,7660,7669,7679,7723
7904,7943,7953,7962,8069
8196,8234,8245,8255,8291
8489,8529,8539,8548,8655
8787,8827,8837,8846,8917
9078,9131,9141,9150,9257
9384,9421,9431,9441,9485
9662,9700,9710,9719,9759
9936,9988,9998,10007,10111
10232,10272,10282,10291,10358
10538,10580,10590,10600,10645
10847,10884,10894,10904,10951
11128,11182,11191,11200,11307
11433,11470,11480,11489,11527
11731,11770,11780,11790,11894
12015,12056,12066,12074,12112
12299,12338,12349,12359,12465
12592,12635,12644,12654,12692
12900,12939,12949,12959,13004
13212,13254,13266,13275,13319
13501,13552,13562,13571,13678
13797,13832,13841,13851,13898
14085,14121,14130,14140,14180
14378,14413,14422,14431,14491
14662,14701,14710,14719,14764
14959,15001,15011,15020,15075
15261,15300,15310,15319,15360
15558,15597,15607,15616,15656
15838,15890,15899,15908,16015
16137,16172,16183,16193,16299
16419,16454,16464,16474,16514
16703,16745,16755,16764,16833
17006,17048,17058,17067,17174
17309,17348,17358,17367,17414
17606,17646,17657,17667,17707
17896,17937,17946,17956,18062
18176,18216,18226,18236,18343
18463,18503,18513,18523,18630
18745,18784,18795,18805,18837
19029,19071,19080,19089,19142
19334,19378,19388,19397,19436
19644,19682,19693,19702,19741
19940,19979,19989,19998,20103
20208,20262,20271,20280,20383
20504,20544,20554,20563,20602
20786,20828,20837,20846,20886
21081,21121,21131,21140,21205
21375,21413,21423,21433,21471
21677,21719,21728,21737,21775
21976,22019,22029,22038,22077
22271,22311,22321,22330,22434
22555,22593,22602,22611,22716
22833,22871,22881,22889,22993
23113,23154,23163,23172,23229
23399,23443,23453,23463,23536
23702,23746,23756,23765,23805
24004,24042,24052,24062,24095
24297,24336,24345,24354,24461
24576,24616,24625,24634,24698
24866,24902,24913,24923,24963
25148,25188,25197,25206,25311
25437,25475,25485,25494,25601
25729,25769,25779,25790,25830
26034,26077,26088,26097,26143
26339,26377,26386,26396,26433
26625,26661,26670,26679,26786
26907,26942,26952,26961,27068
27191,27227,27237,27246,27287
27473,27526,27536,27545,27614
27784,27822,27833,27844,27951
28082,28121,28132,28141,28183
28382,28421,28431,28440,28484
28675,28717,28726,28735,28842
28963,29003,29014,29023,29126
29246,29284,29293,29303,29410
29534,29569,29580,29590,29633
29824,29862,29873,29883,29920
30128,30172,30182,30191,30298
30436,30477,30487,30496,30556
30730,30770,30779,30788,30895
31003,31055,31064,31074,31176
31298,31339,31348,31357,31462
31585,31625,31635,31645,31683
31878,31916,31927,31937,32044
32175,32213,32224,32233,32271
32478,32518,32529,32539,32587
32788,32826,32836,32845,32892
33079,33116,33126,33136,33240
33356,33394,33403,33412,33518
33644,33680,33691,33700,33741
33929,33968,33980,33989,34029
34220,34264,34274,34283,34333
34523,34565,34575,34584,34623
34822,34860,34870,34879,34917
35119,35158,35168,35177,35217
35406,35445,35455,35464,35529
35689,35726,35736,35745,35848
35968,36006,36016,36025,36131
36260,36298,36309,36319,36360
36553,36595,36604,36614,36677
36862,36906,36916,36925,37032
37162,37205,37215,37224,37263
37449,37490,37499,37508,37573
37732,37773,37782,37791,37898
38023,38061,38071,38080,38140
38310,38346,38356,38365,38403
38600,38640,38651,38661,38699
38903,38940,38950,38959,39066
39201,39241,39252,39261,39298
39498,39537,39547,39556,39596
39774,39815,39825,39834,39941
40046,40086,40095,40104,40210
40333,40372,40382,40391,40432
40626,40667,40677,40686,40722
40923,40960,40970,40979,41018
41220,41259,41271,41281,41320
41517,41557,41566,41575,41681
41799,41840,41849,41858,41963
42067,42107,42116,42125,42232
42369,42405,42415,42425,42465
42650,42687,42697,42707,42747
42945,42986,42996,43006,43068
43255,43297,43307,43316,43423
43554,43593,43603,43612,43716
43846,43882,43892,43902,44006
44124,44162,44171,44180,44285
44408,44445,44455,44465,44572
44693,44733,44743,44752,44856
44979,45020,45029,45039,45146
45272,45313,45323,45332,45371
45577,45617,45627,45637,45683
45875,45915,45924,45933,46038
46156,46193,46203,46212,46267
46434,46468,46478,46488,46595
46710,46750,46759,46768,46875
46986,47027,47037,47046,47112
47281,47324,47334,47343,47390
47581,47619,47631,47642,47682
47873,47909,47919,47929,47972
48153,48192,48202,48211,48318
48438,48475,48485,48494,48534
48715,48756,48765,48774,48876
48992,49030,49040,49049,49154
49271,49313,49323,49333,49401
49567,49608,49618,49627,49663
49872,49913,49923,49932,49970
50164,50204,50214,50223,50330
50433,50481,50491,50500,50607
50724,50761,50771,50780,50820
51006,51046,51055,51064,51170
51287,51328,51339,51348,51455
51573,51616,51626,51635,51742
51871,51911,51921,51930,51970
52165,52206,52215,52225,52263
52455,52496,52506,52515,52621
52735,52774,52784,52793,52896
53013,53053,53062,53071,53178
53291,53331,53340,53349,53383
53581,53621,53631,53640,53706
53871,53912,53922,53932,53970
54166,54209,54219,54228,54270
54455,54497,54507,54516,54555
54724,54774,54784,54794,54901
55015,55054,55064,55073,55180
55299,55334,55343,55352,55390
55574,55613,55624,55635,55681
55857,55897,55907,55917,55956
56153,56195,56207,56217,56253
56449,56492,56502,56511,56552
56738,56773,56784,56794,56834
57009,57045,57055,57064,57169
57287,57323,57333,57342,57386
57565,57604,57615,57624,57663
57849,57889,57900,57910,57953
58142,58181,58192,58201,58254
58438,58480,58490,58499,58539
58734,58778,58787,58797,58836
59027,59067,59077,59086,59153
59308,59345,59354,59363,59464
59584,59622,59631,59640,59685
59871,59909,59919,59928,59976
60162,60203,60214,60224,60261
60464,60503,60515,60526,60562
60765,60807,60817,60826,60862
61057,61096,61105,61114,61153
61341,61381,61391,61400,61468
61631,61670,61679,61689,61726
61917,61952,61963,61973,62016
62200,62237,62247,62257,62290
62498,62536,62547,62557,62664
62801,62841,62851,62861,62968
63103,63142,63154,63164,63207
63388,63429,63438,63447,63551
63663,63702,63711,63720,63825
63949,63988,63998,64007,64046
64241,64278,64287,64296,64341
64531,64570,64581,64591,64698
64824,64866,64875,64884,64923
65124,65165,65174,65183,65224
65417,65454,65463,65472,65535
65699,65740,65750,65759,65865
65980,66018,66030,66040,66079
66262,66297,66307,66316,66355
66553,66594,66604,66613,66704
66737,66782,66791,66801,66844
67079,67120,67130,67139,67246
67384,67422,67433,67443,67545
67680,67717,67728,67737,67844
67960,67998,68007,68017,68124
68251,68292,68302,68311,68418
68542,68584,68594,68603,68710
68822,68876,68886,68895,68941
69137,69180,69190,69200,69232
69454,69493,69503,69513,69619
69747,69786,69796,69805,69911
70013,70064,70073,70082,70144
70308,70347,70357,70366,70467
70592,70633,70642,70651,70758
70889,70931,70941,70950,70986
71191,71229,71239,71249,71283
71489,71530,71539,71548,71587
71793,71835,71845,71855,71902
72091,72128,72138,72146,72253
72370,72407,72417,72426,72533
72657,72693,72703,72713,72755
72949,72988,72998,73006,73113
73249,73291,73301,73310,73383
73558,73601,73611,73621,73728
73861,73900,73911,73921,74028
74150,74186,74195,74204,74311
74436,74473,74483,74492,74544
74718,74757,74766,74775,74882
74922,74976,74985,74995,75035
75271,75322,75332,75341,75379
75583,75623,75632,75641,75708
75883,75923,75934,75944,76051
76185,76224,76233,76242,76280
76465,76505,76515,76524,76631
76740,76776,76785,76794,76901
77010,77064,77074,77083,77190
77315,77355,77366,77376,77416
77611,77654,77663,77672,77744
77892,77944,77953,77963,78034
78203,78241,78251,78260,78305
78492,78529,78539,78548,78655
78776,78814,78824,78834,78872
79052,79090,79099,79108,79213
79335,79376,79386,79395,79433
79636,79679,79689,79698,79736
79942,79981,79991,80000,80034
80240,80280,80290,80299,80406
80537,80573,80583,80592,80630
80821,80859,80868,80877,80984
81104,81141,81152,81161,81202
81391,81428,81439,81449,81553
81680,81720,81730,81739,81781
81980,82020,82030,82040,82072
82282,82324,82335,82345,82388
82587,82627,82636,82645,82699
82879,82916,82927,82936,83041
83150,83200,83209,83218,83279
83446,83482,83492,83501,83608
83743,83784,83794,83803,83910
84052,84093,84103,84112,84152
84357,84397,84407,84416,84453
84657,84698,84709,84718,84825
84962,85000,85009,85019,85126
85252,85291,85302,85312,85357
85534,85570,85579,85589,85696
85824,85860,85870,85879,85923
86120,86161,86171,86180,86221
86429,86468,86478,86487,86557
86733,86770,86780,86789,86896
87031,87068,87079,87089,87130
87317,87354,87364,87373,87412
87600,87642,87652,87661,87765
87890,87931,87941,87950,88057
88183,88222,88231,88241,88286
88478,88520,88530,88539,88571
88782,88824,88834,88843,88882
89084,89124,89135,89145,89190
89374,89412,89421,89430,89537
89644,89694,89703,89712,89818
89939,89978,89987,89997,90035
90238,90276,90286,90295,90335
90535,90580,90589,90599,90651
90833,90874,90884,90894,90963
91137,91179,91189,91199,91238
91431,91469,91481,91490,91596
91712,91751,91761,91770,91877
91997,92036,92046,92056,92110
92287,92328,92337,92346,92453
92580,92623,92633,92643,92676
92890,92934,92944,92954,93061
93195,93236,93246,93255,93294
93487,93524,93534,93543,93584
93772,93813,93823,93833,93937
94054,94093,94102,94111,94218
94346,94383,94395,94405,94445
94642,94683,94692,94702,94738
94947,94985,94996,95006,95045
95244,95288,95298,95307,95344
95558,95596,95606,95615,95668
95846,95883,95893,95902,95940
96120,96161,96170,96179,96233
96389,96441,96450,96459,96566
96694,96734,96746,96756,96798
96995,97040,97050,97059,97096
97297,97338,97348,97357,97431
97596,97634,97644,97653,97716
97886,97925,97936,97946,97985
98180,98219,98228,98237,98277
98457,98498,98508,98517,98620
98740,98779,98789,98798,98905
99032,99073,99084,99094,99132
99327,99372,99382,99391,99498
99520,99569,99579,99588,99625
99883,99920,99930,99939,100046
100171,100207,100218,100227,100267
100447,100486,100496,100505,100612
100732,100771,100781,100790,100897
101019,101060,101070,101080,101187
101309,101349,101360,101371,101412
101604,101643,101653,101662,101709
101890,101931,101941,101950,101997
102184,102224,102234,102243,102289
102468,102507,102516,102525,102629
102745,102782,102792,102802,102842
103025,103064,103073,103083,103190
103322,103361,103371,103380,103423
103617,103659,103669,103678,103746
103910,103953,103963,103973,104011
104210,104251,104261,104270,104376
104498,104535,104545,104555,104603
104781,104820,104830,104839,104910
105058,105108,105118,105127,105171
105357,105397,105406,105416,105523
105654,105697,105707,105716,105791
105964,106005,106015,106025,106132
106265,106303,106314,106323,106429
106553,106590,106600,106610,106656
106820,106872,106882,106891,106997
107111,107149,107159,107168,107209
107403,107441,107453,107465,107510
107699,107738,107750,107761,107799
107996,108035,108045,108054,108161
108292,108332,108342,108351,108386
108597,108634,108643,108652,108757
108862,108916,108925,108934,109039
109153,109189,109199,109208,109315
109436,109476,109485,109494,109599
109723,109762,109772,109782,109825
110024,110066,110076,110086,110157
110321,110364,110374,110383,110422
110621,110663,110673,110682,110720
110912,110953,110963,110972,111075
111198,111234,111243,111252,111355
111476,111514,111524,111533,111638
111762,111800,111810,111819,111856
112052,112098,112107,112117,112157
112351,112395,112405,112414,112451
112658,112700,112710,112719,112761
112940,112990,113000,113009,113116
113233,113271,113281,113290,113397
113506,113551,113562,113571,113631
113799,113840,113849,113859,113965
114092,114131,114142,114152,114259
114377,114418,114428,114437,114490
114666,114706,114716,114725,114770
114949,114988,115000,115010,115052
115229,115270,115280,115289,115396
115500,115538,115547,115556,115661
115766,115805,115814,115823,115923
116032,116074,116083,116092,116129
116315,116359,116369,116378,116425
116602,116644,116654,116663,116696
116888,116927,116938,116949,116982
117168,117204,117213,117222,117262
117446,117484,117494,117503,117609
117720,117756,117766,117774,117814
117992,118034,118044,118052,118156
118269,118313,118323,118332,118400
118558,118597,118607,118616,118658
118855,118901,118911,118920,118960
119163,119205,119215,119224,119289
119463,119500,119509,119518,119625
119742,119781,119791,119800,119907
120028,120067,120077,120085,120192
120324,120366,120375,120385,120457
120624,120666,120676,120685,120720
120935,120979,120990,121000,121107
121245,121287,121300,121309,121370
121554,121594,121604,121614,121652
121838,121879,121889,121898,122004
122123,122160,122170,122179,122222
122408,122449,122460,122470,122539
122697,122741,122750,122759,122796
122997,123040,123050,123059,123098
123311,123350,123359,123369,123439
123611,123654,123663,123672,123779
123887,123926,123936,123945,124049
124168,124210,124221,124230,124337
124454,124497,124507,124516,124558
124726,124766,124775,124784,124824
125003,125050,125059,125069,125139
125303,125344,125354,125364,125436
125594,125639,125648,125657,125689
125875,125916,125925,125934,125973
126152,126194,126203,126212,126319
126424,126466,126476,126485,126589
126692,126737,126746,126755,126828
126971,127015,127024,127034,127108
127252,127304,127313,127322,127384
127552,127593,127603,127612,127647
127841,127881,127892,127902,128009
128019,128073,128085,128095,128202
128371,128413,128422,128432,128479
128649,128688,128698,128707,128750
128908,128948,128958,128967,129028
129177,129218,129230,129240,129295
129469,129509,129519,129529,129595
129742,129788,129798,129807,129913
130003,130046,130057,130066,130134
130268,130308,130318,130327,130434
130519,130558,130568,130577,130677
130768,130807,130818,130827,130886
131024,131063,131073,131082,131189
131275,131316,131326,131335,131372
131532,131575,131584,131593,131697
131797,131838,131851,131863,131907
132068,132112,132122,132131,132183
132328,132370,132380,132389,132429
132580,132619,132629,132638,132741
132832,132873,132882,132891,132994
133084,133122,133132,133140,133179
133339,133380,133389,133398,133503
133606,133652,133662,133672,133779
133881,133923,133933,133942,133982
134144,134187,134197,134206,134310
134413,134454,134463,134472,134509
134685,134727,134737,134746,134846
134940,134980,134989,134998,135035
135194,135234,135243,135252,135297
135455,135495,135504,135514,135621
135731,135770,135780,135789,135896
136010,136051,136061,136070,136177
136296,136340,136350,136359,136466
136581,136620,136630,136640,136744
136850,136890,136899,136908,136947
137124,137161,137170,137180,137287
137399,137439,137448,137457,137564
137679,137718,137728,137738,137841
137956,137998,138008,138017,138058
138251,138294,138304,138313,138418
138543,138587,138598,138609,138642
138836,138878,138888,138897,139003
139117,139154,139163,139172,139213
139393,139430,139440,139449,139552
139669,139710,139719,139728,139834
139958,140000,140009,140018,140125
140249,140291,140302,140313,140418
140543,140589,140599,140608,140711
140828,140872,140881,140890,140995
141100,141142,141152,141161,141266
141372,141413,141423,141432,141470
141636,141673,141684,141694,141729
141892,141933,141942,141951,142006
142155,142197,142207,142216,142278
142425,142469,142479,142488,142526
142695,142737,142746,142755,142862
142962,143000,143010,143019,143125
143215,143255,143264,143273,143376
143467,143505,143514,143523,143623
143713,143756,143766,143775,143881
143973,144015,144025,144034,144139
144234,144276,144285,144295,144400
144507,144548,144557,144566,144604
144779,144822,144832,144841,144879
145061,145102,145111,145120,145188
145331,145372,145381,145390,145497
145598,145637,145647,145656,145753
145857,145893,145902,145911,145973
146121,146160,146170,146178,146285
146393,146435,146445,146454,146523
146681,146726,146737,146746,146785
146959,147003,147012,147022,147059
147237,147280,147290,147299,147338
147515,147555,147565,147574,147680
147785,147823,147832,147841,147948
148049,148089,148099,148108,148208
148312,148352,148363,148374,148478
148584,148627,148637,148647,148754
148859,148906,148916,148925,148968
149149,149193,149204,149214,149253
149440,149478,149488,149497,149604
149717,149759,149768,149777,149877
149979,150020,150030,150038,150081
150248,150292,150303,150312,150417
150524,150566,150575,150584,150691
150798,150839,150849,150858,150964
151071,151112,151122,151131,151173
151358,151397,151407,151416,151523
151646,151689,151700,151710,151748
151920,151964,151974,151983,152023
152187,152227,152237,152246,152353
152462,152501,152510,152519,152624
152732,152771,152781,152790,152828
153013,153057,153067,153076,153116
153306,153352,153362,153371,153478
153593,153634,153644,153653,153760
153867,153912,153922,153931,154036
154142,154183,154192,154202,154306
154422,154460,154470,154479,154586
154693,154732,154741,154750,154857
154957,154999,155009,155017,155053
155236,155280,155291,155300,155358
155536,155577,155588,155597,155704
155812,155854,155864,155874,155906
156081,156122,156132,156141,156248
156348,156385,156394,156403,156510
156600,156638,156647,156656,156755
156854,156896,156905,156914,157017
157118,157158,157168,157177,157214
157376,157419,157430,157440,157547
157641,157685,157695,157704,157744
157905,157950,157959,157968,158073
158180,158221,158233,158243,158343
158437,158478,158489,158498,158552
158680,158720,158729,158738,158842
158925,158964,158974,158983,159090
159178,159215,159225,159234,159275
159426,159469,159479,159488,159592
159685,159727,159737,159747,159854
159947,159991,160001,160010,160117
160210,160249,160260,160269,160305
160454,160497,160506,160515,160621
160705,160744,160755,160764,160869
160955,160995,161004,161013,161116
161205,161244,161254,161263,161360
161449,161487,161499,161509,161549
161709,161755,161764,161773,161874
161978,162025,162035,162044,162151
162256,162298,162308,162318,162358
162522,162563,162573,162582,162683
162786,162826,162835,162844,162881
163042,163083,163092,163101,163206
163314,163352,163362,163372,163475
163578,163619,163629,163638,163745
163848,163889,163899,163908,164015
164127,164172,164181,164191,164253
164411,164451,164461,164470,164574
164678,164721,164731,164740,164842
164941,164982,164991,165000,165105
165195,165236,165246,165255,165354
165449,165488,165499,165508,165604
165702,165747,165756,165765,165872
165979,166020,166032,166042,166144
166250,166291,166301,166310,166354
166518,166560,166570,166579,166686
166789,166832,166841,166850,166907
167061,167101,167111,167120,167167
167323,167361,167370,167379,167482
167588,167632,167641,167650,167693
167862,167902,167912,167921,168025
168139,168181,168190,168199,168247
168433,168474,168484,168494,168528
168733,168773,168784,168794,168828
169022,169064,169073,169082,169181
169300,169340,169349,169358,169462
169579,169618,169629,169638,169735
169856,169896,169907,169918,170019
170146,170191,170201,170210,170316
170440,170482,170494,170504,170607
170663,170709,170719,170728,170831
171022,171064,171074,171083,171149
171324,171360,171371,171381,171481
171602,171640,171651,171661,171759
171873,171911,171920,171929,172030
172150,172190,172199,172208,172309
172431,172471,172481,172491,172525
172722,172766,172776,172785,172852
173013,173057,173067,173076,173183
173303,173340,173351,173361,173413
173580,173618,173629,173639,173746
173847,173897,173906,173915,174015
174127,174166,174175,174184,174290
174399,174441,174451,174461,174508
174683,174727,174737,174746,174813
174969,175013,175023,175032,175073
175270,175313,175322,175331,175438
175557,175598,175608,175617,175718
175830,175867,175877,175886,175952
176095,176135,176145,176154,176260
176376,176417,176427,176436,176541
176648,176687,176698,176709,176747
176926,176964,176975,176984,177027
177199,177238,177248,177258,177304
177476,177513,177523,177532,177571
177746,177786,177797,177806,177849
178012,178049,178059,178070,178170
178267,178306,178316,178325,178429
178529,178567,178577,178587,178633
178790,178831,178841,178850,178955
179068,179107,179117,179126,179168
179339,179377,179387,179397,179504
179610,179652,179662,179671,179708
179878,179917,179926,179935,180042
180133,180173,180182,180191,180293
180396,180433,180443,180453,180556
180657,180695,180705,180714,180753
180911,180954,180964,180973,181080
181183,181226,181236,181245,181352
181472,181513,181523,181532,181587
181760,181801,181811,181820,181925
182035,182075,182084,182093,182197
182304,182342,182353,182364,182412
182577,182614,182624,182633,182736
182845,182885,182896,182906,182942
183126,183171,183181,183190,183297
183421,183465,183475,183484,183591
183727,183767,183778,183788,183827
184019,184059,184071,184081,184136
184312,184351,184361,184370,184409
184600,184640,184649,184658,184756
184885,184924,184933,184942,185049
185161,185203,185213,185222,185326
185459,185500,185510,185519,185569
185773,185818,185828,185838,185878
186083,186127,186137,186147,186254
186378,186418,186427,186436,186497
186666,186707,186717,186726,186832
186945,186993,187004,187014,187117
187245,187281,187291,187299,187405
187526,187565,187577,187587,187694
187825,187862,187871,187881,187988
188127,188168,188179,188188,188222
188427,188471,188480,188490,188592
188713,188753,188763,188772,188875
188997,189033,189043,189052,189157
189280,189320,189330,189339,189408
189564,189615,189624,189633,189697
189878,189919,189929,189938,190001
190180,190218,190228,190237,190276
190478,190519,190529,190537,190644
190772,190811,190820,190829,190934
191065,191103,191112,191121,191226
191346,191384,191395,191405,191452
191613,191663,191673,191683,191790
191923,191967,191977,191986,192034
192228,192271,192281,192290,192324
192513,192565,192575,192584,192643
192813,192853,192862,192871,192976
193099,193137,193146,193155,193203
193362,193413,193423,193432,193483
193655,193693,193702,193711,193775
193943,193984,193994,194003,194043
194230,194271,194280,194289,194364
194510,194564,194574,194584,194632
194819,194857,194868,194878,194983
195108,195145,195155,195165,195205
195377,195415,195426,195436,195475
195653,195691,195701,195709,195813
195927,195968,195978,195987,196094
196215,196258,196268,196278,196324
196507,196550,196560,196569,196616
196782,196836,196847,196856,196905
197081,197121,197132,197141,197198
197368,197405,197414,197423,197465
197640,197675,197684,197693,197794
197900,197940,197949,197958,198064
198173,198214,198224,198234,198282
198452,198494,198504,198513,198559
198738,198781,198791,198801,198847
199023,199066,199075,199084,199134
199306,199343,199353,199362,199466
199570,199609,199619,199628,199668
199843,199884,199894,199903,200008
200111,200149,200161,200171,200274
200387,200423,200434,200444,200489
200658,200702,200714,200724,200762
200941,200982,200992,201002,201108
201222,201261,201271,201280,201343
201493,201535,201545,201554,201597
201755,201797,201806,201815,201853
202016,202057,202067,202076,202179
202290,202329,202339,202348,202386
202562,202602,202614,202624,202659
202842,202886,202896,202905,202938
203127,203172,203182,203191,203236
203414,203458,203468,203477,203584
203688,203731,203741,203750,203793
203968,204011,204021,204030,204137
204248,204290,204299,204308,204415
204523,204563,204574,204584,204638
204799,204844,204854,204863,204911
205103,205148,205158,205167,205274
205402,205448,205458,205468,205573
205685,205727,205737,205746,205783
205968,206006,206016,206026,206133
206239,206279,206288,206297,206357
206518,206557,206567,206576,206683
206793,206833,206844,206854,206954
207075,207120,207129,207138,207180
207365,207411,207421,207430,207500
207671,207713,207724,207734,207779
207956,207995,208004,208013,208117
208228,208268,208277,208286,208335
208498,208539,208548,208557,208622
208771,208812,208822,208831,208937
209046,209090,209100,209109,209215
209338,209383,209392,209401,209505
209629,209674,209683,209692,209799
209921,209963,209973,209982,210026
210205,210245,210255,210265,210298
210483,210523,210533,210542,210646
210760,210799,210809,210818,210921
211035,211074,211085,211094,211196
211312,211355,211364,211373,211419
211601,211644,211654,211663,211731
211896,211941,211951,211960,212067
212176,212218,212228,212237,212344
212452,212492,212501,212511,212612
212727,212768,212777,212786,212893
213007,213048,213058,213067,213167
213274,213316,213326,213335,213376
213553,213597,213606,213615,213653
213841,213884,213894,213903,213943
214125,214171,214181,214190,214296
214413,214455,214465,214474,214581
214687,214728,214737,214746,214786
214959,214995,215005,215014,215121
215231,215270,215280,215290,215396
215508,215553,215563,215572,215608
215795,215840,215850,215859,215900
216088,216131,216140,216150,216257
216378,216421,216431,216440,216547
216658,216700,216709,216718,216759
216940,216980,216990,216999,217104
217219,217259,217268,217277,217381
217499,217537,217547,217556,217658
217773,217813,217824,217833,217872
218066,218112,218122,218131,218238
218364,218405,218416,218427,218469
218654,218692,218703,218713,218817
218923,218963,218972,218981,219087
219198,219237,219246,219255,219358
219480,219517,219529,219540,219580
219762,219803,219813,219822,219874
220044,220088,220098,220107,220212
220342,220381,220391,220400,220507
220640,220680,220691,220701,220738
220927,220967,220977,220986,221092
221206,221243,221252,221261,221322
221475,221517,221527,221536,221641
221756,221794,221803,221812,221916
222028,222071,222081,222090,222124
222321,222365,222375,222384,222451
222614,222656,222666,222675,222740
222901,222941,222951,222960,223001
223175,223218,223227,223237,223281
223460,223497,223507,223516,223623
223733,223774,223783,223792,223893
223996,224037,224047,224055,224098
224274,224317,224328,224338,224445
224564,224611,224621,224630,224697
224862,224905,224915,224924,224970
225143,225185,225195,225204,225311
225422,225462,225472,225481,225588
225695,225733,225743,225753,225860
225972,226014,226024,226033,226073
226242,226286,226296,226305,226412
226521,226562,226573,226584,226691
226809,226853,226863,226872,226921
227093,227133,227144,227155,227194
227375,227416,227426,227436,227477
227656,227692,227702,227710,227815
227928,227966,227975,227984,228088
228187,228229,228238,228247,228292
228464,228506,228516,228527,228563
228753,228797,228807,228817,228858
229043,229085,229094,229103,229210
229323,229366,229376,229385,229426
229608,229650,229659,229668,229769
229886,229926,229935,229945,230050
230162,230204,230214,230223,230327
230430,230475,230484,230493,230548
230709,230751,230760,230770,230818
231002,231048,231058,231067,231106
231303,231344,231357,231367,231473
231588,231629,231638,231647,231687
231862,231904,231913,231922,232023
232139,232181,232190,232199,232303
232395,232449,232459,232468,232516
232679,232722,232732,232741,232777
232961,233006,233015,233025,233071
233251,233292,233301,233310,233417
233532,233578,233588,233597,233642
233823,233865,233875,233884,233987
234100,234141,234151,234160,234258
234364,234405,234415,234424,234465
234632,234674,234684,234693,234737
234905,234949,234959,234968,235013
235196,235239,235249,235258,235321
235492,235536,235546,235555,235662
235777,235818,235827,235836,235873
236055,236098,236108,236117,236177
236340,236380,236390,236399,236459
236613,236652,236664,236674,236710
236877,236916,236927,236936,236981
237151,237195,237205,237214,237257
237441,237485,237495,237504,237611
237730,237773,237783,237792,237832
238015,238060,238070,238079,238117
238291,238334,238343,238352,238417
238561,238600,238610,238620,238723
238834,238874,238884,238893,239000
239106,239146,239157,239166,239205
239382,239424,239433,239442,239471
239663,239707,239717,239727,239834
239944,239985,239996,240007,240042
240212,240255,240266,240276,240317
240489,240531,240540,240550,240657
240761,240798,240809,240819,240859
241016,241056,241065,241074,241113
241267,241309,241318,241327,241391
241535,241578,241588,241598,241705
241802,241845,241855,241864,241899
242063,242104,242114,242123,242178
242322,242364,242373,242382,242489
242581,242622,242632,242641,242743
242829,242870,242879,242888,242929
243082,243122,243131,243140,243178
243339,243378,243388,243397,243500
243596,243633,243643,243652,243712
243853,243898,243908,243917,243962
244136,244179,244191,244200,244307
244411,244451,244461,244471,244578
244680,244719,244729,244738,244838
244936,244975,244984,244993,245095
245197,245235,245246,245256,245304
245464,245505,245515,245524,245629
245742,245781,245791,245801,245842
246013,246055,246065,246075,246114
246300,246342,246352,246361,246398
246595,246638,246647,246656,246763
246887,246925,246935,246944,246984
247149,247190,247201,247211,247249
247417,247459,247469,247478,247516
247690,247732,247741,247750,247800
247965,248007,248017,248027,248134
248247,248289,248300,248309,248369
248536,248577,248586,248595,248648
248826,248868,248878,248887,248991
249108,249146,249157,249168,249202
249386,249424,249433,249442,249482
249658,249696,249706,249715,249768
249938,249978,249988,249997,250104
250221,250263,250273,250282,250389
250508,250547,250557,250568,250609
250804,250848,250858,250867,250974
251110,251150,251160,251169,251270
251394,251432,251441,251450,251496
251659,251699,251710,251720,251758
251943,251984,251993,252002,252109
252236,252275,252285,252295,252333
252533,252572,252584,252594,252649
252817,252858,252867,252877,252914
253107,253149,253159,253168,253210
253409,253446,253456,253465,253571
253696,253732,253741,253750,253857
253958,254000,254010,254019,254122
254232,254272,254282,254291,254337
254530,254575,254585,254594,254701
254836,254880,254891,254901,255008
255117,255159,255170,255180,255220
255401,255443,255453,255462,255569
255690,255728,255738,255748,255852
255981,256017,256027,256036,256143
256245,256285,256295,256304,256344
256521,256562,256572,256581,256688
256805,256848,256860,256870,256916
257103,257145,257157,257167,257206
257386,257430,257439,257448,257485
257659,257700,257709,257718,257764
257920,257956,257966,257975,258078
258175,258216,258226,258235,258337
258427,258467,258478,258487,258593
258686,258727,258737,258746,258785
258952,258994,259005,259015,259122
259226,259270,259280,259289,259394
259490,259531,259541,259550,259586
259761,259802,259811,259820,259864
260025,260066,260076,260085,260189
260289,260324,260334,260343,260384
260536,260576,260585,260594,260641
260801,260842,260852,260861,260900
261076,261122,261132,261142,261249
261361,261407,261417,261427,261533
261639,261680,261690,261699,261745
261918,261958,261968,261977,262084
262191,262231,262241,262250,262357
262465,262506,262516,262525,262563
262735,262779,262788,262797,262903
263009,263051,263062,263072,263178
263297,263340,263350,263359,263402
263587,263631,263641,263650,263697
263876,263921,263931,263940,263988
264165,264207,264217,264226,264333
264451,264489,264498,264508,264607
264723,264762,264772,264782,264821
265008,265051,265062,265071,265173
265299,265344,265354,265363,265470
265597,265639,265651,265661,265768
265892,265936,265947,265956,265988
266185,266228,266238,266247,266354
266477,266519,266528,266537,266639
266763,266805,266815,266824,266930
267049,267088,267099,267108,267151
267322,267366,267375,267384,267419
267624,267669,267679,267688,267729
267925,267968,267978,267988,268092
268205,268249,268260,268269,268306
268492,268534,268544,268553,268659
268772,268813,268823,268832,268936
269050,269092,269102,269111,269152
269334,269373,269383,269393,269427
269618,269660,269669,269678,269718
269906,269948,269959,269970,270011
270201,270246,270256,270266,270303
270496,270540,270550,270559,270666
270775,270812,270821,270830,270935
271043,271085,271094,271103,271209
271319,271360,271370,271379,271417
271607,271646,271656,271665,271710
271901,271941,271952,271962,272001
272190,272233,272244,272253,272360
272480,272523,272533,272542,272578
272786,272828,272838,272848,272954
273071,273114,273123,273132,273239
273344,273384,273394,273403,273506
273625,273665,273675,273684,273731
273920,273957,273967,273976,274083
274211,274254,274264,274273,274321
274507,274551,274560,274569,274609
274800,274843,274852,274861,274966
275081,275120,275131,275140,275241
275350,275393,275403,275412,275456
275621,275662,275671,275680,275787
275899,275939,275949,275958,276065
276182,276225,276235,276244,276286
276467,276506,276516,276525,276632
276751,276793,276804,276814,276852
277050,277092,277102,277111,277213
277339,277377,277388,277398,277437
277599,277639,277649,277658,277762
277872,277913,277923,277932,277971
278163,278201,278211,278221,278328
278467,278508,278518,278527,278634
278763,278804,278814,278823,278862
279047,279088,279098,279108,279147
279330,279372,279382,279391,279498
279511,279565,279575,279585,279625
279872,279907,279918,279927,280032
280162,280198,280208,280218,280259
280459,280501,280511,280520,280559
280750,280804,280814,280823,280930
281060,281100,281110,281119,281226
281352,281392,281401,281410,281514
281633,281672,281682,281691,281788
281905,281945,281954,281964,282071
282183,282220,282232,282242,282282
282466,282503,282513,282522,282629
282750,282791,282801,282811,282918
283044,283086,283096,283105,283150
283342,283379,283389,283398,283436
283622,283662,283671,283681,283788
283897,283933,283943,283953,283994
284167,284206,284216,284225,284266
284439,284479,284491,284501,284608
284725,284766,284777,284787,284894
285022,285063,285073,285082,285189
285313,285352,285363,285372,285413
285603,285643,285652,285662,285709
285875,285926,285936,285945,286044
286161,286200,286210,286219,286261
286436,286475,286486,286495,286535
286715,286752,286763,286773,286811
286987,287041,287051,287061,287098
287301,287340,287353,287364,287404
287607,287643,287655,287666,287712
287896,287934,287944,287953,288005
288164,288215,288225,288234,288340
288454,288496,288506,288515,288616
288743,288781,288792,288802,288836
289026,289066,289076,289085,289128
289320,289363,289373,289382,289422
289613,289657,289667,289676,289709
289921,289960,289970,289980,290020
290209,290247,290257,290266,290306
290489,290528,290538,290547,290645
290765,290803,290813,290822,290928
291060,291097,291109,291120,291156
291354,291394,291407,291417,291453
291646,291685,291696,291706,291813
291940,291980,291990,291999,292044
292231,292271,292281,292290,292325
292518,292557,292566,292575,292614
292799,292835,292844,292853,292960
293074,293113,293122,293132,293239
293363,293401,293411,293420,293461
293661,293702,293712,293722,293763
293959,294000,294010,294020,294061
294246,294285,294295,294305,294411
294532,294571,294581,294591,294630
294810,294846,294857,294867,294974
295094,295131,295142,295152,295203
295375,295411,295421,295431,295538
295665,295707,295717,295726,295773
295963,296003,296013,296022,296063
296270,296309,296319,296328,296375
296562,296601,296611,296620,296726
296840,296879,296889,296898,297002
297123,297159,297169,297178,297284
297402,297438,297450,297460,297501
297688,297728,297738,297747,297783
297981,298022,298032,298042,298077
298286,298324,298334,298343,298384
298574,298617,298627,298636,298743
298870,298910,298920,298929,299035
299156,299196,299205,299215,299318
299436,299473,299483,299492,299599
299706,299746,299756,299765,299810
299999,300041,300051,300061,300099
300306,300349,300359,300369,300476
300611,300652,300662,300671,300778
300892,300930,300939,300949,300988
301159,301201,301210,301219,301325
301440,301484,301494,301503,301605
301731,301771,301781,301791,301898
302013,302052,302063,302073,302116
302293,302337,302347,302356,302402
302589,302634,302644,302654,302691
302896,302936,302947,302957,303064
303191,303230,303240,303249,303352
303454,303492,303502,303512,303554
303725,303762,303772,303782,303820
304011,304054,304065,304074,304115
304308,304350,304361,304371,304478
304585,304629,304639,304648,304694
304870,304913,304923,304932,304971
305160,305200,305211,305220,305264
305449,305487,305497,305507,305611
305649,305698,305708,305718,305818
305985,306025,306035,306044,306150
306284,306327,306337,306346,306453
306588,306630,306640,306650,306713
306892,306930,306943,306954,306993
307185,307224,307234,307243,307350
307462,307504,307513,307523,307629
307692,307735,307744,307753,307859
308012,308052,308062,308071,308175
308302,308339,308349,308358,308465
308570,308615,308625,308634,308741
308859,308901,308911,308921,308962
309162,309206,309216,309227,309260
309465,309504,309515,309525,309570
309732,309770,309780,309789,309828
310002,310042,310052,310061,310106
310282,310323,310332,310341,310447
310573,310613,310626,310636,310741
310858,310904,310914,310924,310962
311146,311188,311199,311209,311248
311438,311476,311488,311498,311531
311731,311773,311782,311792,311899
312010,312052,312062,312071,312107
312281,312318,312327,312336,312376
312554,312595,312605,312614,312720
312766,312813,312825,312836,312940
313141,313181,313193,313203,313247
313457,313498,313508,313517,313557
313761,313797,313808,313817,313858
314041,314079,314090,314099,314148
314324,314362,314373,314382,314426
314615,314654,314664,314673,314720
314905,314942,314952,314961,315067
315193,315236,315245,315254,315296
315493,315531,315541,315550,315657
315791,315833,315843,315852,315889
316083,316125,316135,316144,316184
316363,316405,316415,316424,316531
316645,316683,316693,316702,316809
316928,316967,316980,316991,317030
317215,317256,317265,317275,317315
317508,317550,317560,317569,317675
317727,317774,317784,317794,317900
318095,318135,318145,318154,318259
318391,318428,318437,318447,318553
318678,318719,318729,318738,318845
318961,319001,319011,319020,319089
319159,319213,319222,319232,319338
319534,319576,319586,319596,319642
319853,319893,319904,319914,320021
320144,320195,320205,320214,320319
320446,320483,320493,320502,320608
320739,320776,320786,320795,320899
321024,321062,321072,321081,321126
321320,321362,321371,321381,321485
321612,321653,321663,321672,321779
321915,321958,321968,321977,322020
322224,322265,322275,322284,322324
322523,322563,322573,322582,322622
322797,322847,322856,322865,322969
323091,323126,323137,323147,323252
323378,323416,323425,323434,323540
323680,323719,323730,323740,323779
323992,324034,324044,324053,324120
324290,324329,324340,324351,324458
324588,324630,324640,324650,324752
324882,324919,324929,324939,324979
325166,325206,325215,325224,325262
325448,325484,325494,325504,325566
325731,325772,325782,325792,325899
326036,326077,326088,326098,326144
326344,326383,326395,326406,326444
326648,326688,326697,326706,326769
326938,326977,326986,326995,327101
327226,327266,327276,327285,327326
327517,327555,327565,327575,327682
327806,327846,327858,327868,327916
328096,328139,328149,328158,328216
328400,328442,328452,328461,328509
328705,328743,328753,328763,328801
329007,329045,329056,329066,329110
329279,329329,329338,329347,329452
329574,329609,329619,329628,329733
329862,329902,329912,329921,329961
330164,330206,330216,330225,330270
330469,330514,330524,330533,330640
330767,330809,330819,330828,330934
331072,331113,331123,331133,331235
331364,331401,331411,331420,331527
331654,331694,331704,331714,331753
331938,331978,331989,331998,332105
332231,332269,332279,332288,332395
332534,332578,332588,332597,332637
332848,332887,332897,332906,332960
333136,333189,333199,333208,333315
333432,333469,333479,333488,333592
333722,333758,333768,333777,333818
334006,334046,334056,334065,334170
334300,334337,334348,334357,334464
334589,334633,334643,334652,334691
334894,334933,334943,334952,334993
335195,335238,335248,335258,335298
335496,335533,335543,335552,335659
335764,335814,335823,335832,335936
336055,336090,336100,336109,336211
336337,336376,336385,336394,336432
336632,336669,336679,336689,336727
336926,336969,336979,336989,337096
337230,337269,337281,337291,337331
337522,337561,337571,337580,337618
337814,337851,337862,337872,337979
338099,338135,338145,338155,338262
338369,338422,338431,338441,338495
338671,338708,338720,338730,338771
338976,339015,339024,339034,339080
339275,339317,339326,339336,339412
339585,339622,339634,339645,339682
339876,339916,339925,339934,340039
340158,340194,340205,340215,340254
340442,340479,340491,340502,340609
340730,340770,340780,340789,340896
341026,341064,341074,341084,341129
341327,341369,341379,341388,341434
341633,341671,341683,341693,341800
341929,341964,341974,341983,342090
342221,342256,342266,342275,342379
342500,342536,342547,342556,342658
342760,342812,342821,342831,342936
343061,343102,343115,343126,343159
343358,343398,343409,343419,343465
343654,343695,343705,343715,343822
343943,343985,343994,344004,344050
344232,344268,344279,344289,344393
344497,344546,344556,344565,344671
344796,344831,344842,344852,344955
345077,345119,345129,345138,345176
345365,345405,345415,345424,345465
345666,345712,345722,345732,345803
345968,346006,346017,346027,346069
346261,346298,346308,346317,346364
346545,346586,346596,346605,346707
346751,346794,346804,346813,346919
347099,347136,347147,347157,347264
347405,347444,347454,347463,347510
347708,347749,347759,347768,347807
348009,348052,348063,348072,348109
348314,348355,348366,348377,348483
348610,348647,348658,348667,348706
348887,348925,348934,348943,348983
349170,349210,349221,349230,349337
349453,349491,349502,349512,349556
349752,349794,349804,349814,349850
350061,350102,350112,350121,350168
350358,350400,350409,350418,350523
350644,350682,350692,350701,350808
350931,350970,350980,350989,351094
351215,351255,351265,351274,351378
351426,351471,351481,351490,351530
351758,351810,351820,351830,351872
352064,352105,352115,352124,352167
352365,352405,352415,352425,352463
352663,352701,352711,352720,352827
352940,352977,352986,352995,353051
353206,353247,353256,353266,353373
353495,353535,353547,353558,353598
353780,353822,353832,353841,353948
354078,354117,354128,354138,354182
354371,354416,354426,354435,354480
354667,354707,354717,354726,354796
354967,355005,355015,355024,355069
355254,355293,355302,355311,355352
355534,355569,355579,355588,355693
355807,355848,355858,355867,355932
356112,356154,356164,356174,356281
356409,356453,356463,356473,356511
356708,356748,356758,356767,356812
356995,357036,357045,357055,357161
357280,357316,357327,357337,357442
357562,357600,357610,357620,357666
357851,357891,357900,357909,357955
358134,358176,358186,358195,358300
358428,358469,358482,358492,358554
358735,358777,358788,358798,358836
359035,359076,359086,359095,359202
359316,359355,359364,359373,359480
359585,359624,359633,359642,359749
359855,359893,359902,359911,360018
360132,360172,360181,360191,360231
360420,360461,360470,360479,360586
360716,360753,360763,360772,360811
361002,361041,361051,361061,361100
361291,361331,361343,361353,361460
361575,361614,361625,361635,361673
361846,361884,361894,361903,362006
362117,362153,362162,362171,362278
362401,362441,362450,362460,362567
362682,362722,362732,362741,362782
362976,363016,363026,363036,363075
363266,363308,363318,363327,363434
363555,363596,363606,363615,363722
363827,363868,363878,363887,363991
364108,364148,364158,364167,364274
364400,364437,364446,364455,364516
364682,364720,364730,364740,364847
364973,365012,365022,365031,365073
365278,365320,365330,365340,365374
365589,365630,365640,365649,365754
365861,365902,365914,365924,365962
366140,366181,366191,366200,366306
366429,366469,366482,366492,366599
366729,366767,366778,366787,366827
367010,367054,367063,367072,367114
367312,367353,367363,367372,367441
367621,367664,367674,367683,367790
367909,367950,367960,367969,368073
368196,368238,368247,368256,368363
368482,368521,368531,368540,368647
368774,368814,368824,368833,368940
369056,369098,369109,369119,369156
369357,369399,369410,369419,369452
369663,369705,369714,369724,369831
369960,369999,370010,370021,370066
370231,370269,370279,370288,370393
370506,370547,370557,370566,370673
370793,370832,370842,370851,370956
371078,371121,371131,371140,371245
371352,371394,371405,371415,371467
371649,371693,371703,371712,371748
371954,371997,372006,372016,372123
372250,372288,372299,372309,372411
372509,372548,372557,372566,372672
372787,372824,372834,372844,372878
373076,373114,373123,373132,373191
373376,373418,373427,373437,373544
373656,373701,373712,373722,373775
373946,373990,374000,374009,374071
374250,374292,374303,374313,374420
374543,374585,374594,374603,374710
374807,374844,374854,374864,374904
375075,375115,375124,375133,375237
375362,375402,375412,375421,375475
375661,375705,375715,375724,375768
375945,375987,375998,376007,376047
376232,376277,376287,376296,376402
376523,376566,376576,376585,376692
376810,376851,376861,376870,376977
377020,377070,377080,377090,377136
377357,377395,377404,377413,377460
377636,377690,377700,377709,377751
377954,377995,378005,378014,378121
378257,378298,378308,378318,378356
378559,378598,378607,378617,378724
378836,378875,378886,378896,379000
379112,379149,379159,379168,379273
379393,379429,379439,379449,379488
379683,379720,379731,379741,379783
379973,380012,380023,380032,380138
380261,380302,380312,380321,380428
380563,380600,380610,380619,380659
380849,380888,380898,380907,380947
381122,381163,381172,381182,381288
381401,381442,381452,381462,381568
381677,381713,381724,381734,381776
381962,382001,382014,382025,382063
382258,382298,382308,382317,382424
382557,382596,382607,382618,382657
382844,382885,382895,382904,383008
383134,383173,383183,383192,383291
383406,383446,383457,383466,383566
383693,383733,383743,383752,383856
383975,384017,384027,384036,384082
384267,384306,384317,384326,384371
384561,384604,384614,384624,384698
384865,384905,384915,384924,385031
385160,385195,385205,385214,385319
385440,385476,385487,385496,385540
385718,385759,385768,385777,385880
385998,386040,386050,386059,386163
386295,386338,386348,386358,386398
386598,386639,386649,386658,386696
386890,386931,386941,386950,387057
387187,387229,387241,387251,387358
387485,387523,387533,387542,387586
387763,387802,387811,387820,387920
388024,388075,388084,388093,388131
388325,388362,388373,388382,388485
388619,388661,388671,388681,388727
388927,388969,388979,388989,389030
389225,389267,389277,389286,389393
389512,389553,389563,389572,389678
389808,389849,389859,389869,389907
390101,390140,390149,390158,390204
390387,390424,390434,390443,390505
390679,390720,390730,390739,390782
390988,391029,391039,391048,391103
391293,391332,391344,391354,391391
391579,391631,391640,391649,391756
391873,391914,391923,391933,392033
392154,392194,392204,392213,392258
392442,392483,392493,392502,392538
392729,392770,392780,392789,392851
393028,393067,393077,393086,393132
393328,393367,393377,393386,393493
393624,393664,393674,393683,393789
393907,393947,393957,393966,394072
394196,394233,394243,394252,394291
394474,394509,394519,394528,394569
394752,394791,394801,394810,394849
395032,395086,395096,395106,395154
395351,395389,395401,395410,395453
395647,395687,395697,395706,395742
395939,395978,395988,395998,396042
396220,396259,396268,396277,396323
396503,396542,396552,396562,396604
396796,396835,396845,396854,396894
397086,397123,397133,397143,397190
397277,397325,397335,397345,397380
397650,397694,397704,397713,397758
397956,397997,398007,398016,398057
398246,398284,398294,398303,398410
398520,398559,398569,398578,398684
398806,398841,398853,398863,398902
399091,399129,399139,399148,399190
399385,399424,399435,399446,399491
399679,399719,399730,399739,399846
399976,400013,400023,400032,400070
400271,400308,400321,400332,400365
400553,400589,400599,400608,400715
400829,400867,400877,400886,400993
401115,401153,401163,401172,401279
401403,401442,401453,401462,401503
401706,401746,401757,401768,401814
402012,402051,402060,402070,402177
402310,402350,402360,402370,402476
402598,402635,402646,402655,402700
402871,402923,402933,402942,403049
403166,403205,403215,403224,403331
403456,403499,403509,403518,403625
403754,403794,403804,403814,403853
404050,404090,404100,404110,404146
404351,404393,404403,404412,404474
404651,404687,404697,404706,404809
404917,404970,404979,404989,405092
405205,405244,405254,405264,405370
405493,405532,405543,405553,405590
405784,405825,405836,405845,405885
406082,406120,406130,406140,406178
406373,406414,406425,406434,406541
406667,406705,406715,406725,406758
406956,406995,407005,407014,407061
407239,407275,407287,407297,407398
407515,407550,407559,407568,407629
407798,407838,407849,407858,407965
408099,408141,408151,408161,408209
408398,408442,408451,408461,408527
408692,408735,408745,408755,408862
408983,409019,409030,409039,409078
409267,409304,409313,409323,409362
409547,409587,409597,409606,409713
409832,409871,409880,409890,409997
410129,410166,410176,410186,410235
410424,410466,410476,410486,410525
410730,410771,410781,410790,410897
411019,411061,411071,411080,411187
411306,411342,411352,411362,411410
411585,411622,411632,411641,411748
411854,411905,411915,411925,411966
412155,412196,412206,412215,412287
412461,412500,412511,412522,412564
412766,412805,412816,412826,412865
413059,413098,413109,413119,413156
413351,413392,413402,413411,413518
413642,413682,413692,413701,413739
413919,413958,413968,413978,414031
414197,414239,414249,414258,414365
414474,414528,414540,414550,414617
414796,414837,414847,414857,414898
415092,415133,415143,415152,415195
415383,415419,415430,415440,415547
415658,415693,415703,415712,415819
415943,415984,415994,416003,416105
416227,416263,416275,416286,416320
416504,416545,416555,416564,416637
416796,416839,416849,416859,416925
417099,417140,417152,417162,417208
417393,417435,417445,417454,417492
417668,417719,417728,417737,417844
417958,417996,418006,418015,418115
418235,418272,418283,418293,418398
418526,418565,418576,418586,418625
418801,418855,418866,418875,418938
419104,419145,419155,419165,419212
419402,419443,419453,419463,419496
419693,419734,419744,419754,419794
419972,420012,420021,420030,420136
420256,420292,420301,420311,420417
420535,420573,420583,420592,420697
420821,420862,420873,420882,420989
421119,421163,421173,421182,421219
421419,421463,421473,421483,421590
421713,421753,421766,421776,421815
421939,421984,421994,422003,422107
422274,422310,422320,422330,422437
422557,422593,422603,422613,422719
422759,422808,422818,422827,422932
423118,423154,423164,423173,423213
423409,423452,423461,423471,423543
423715,423757,423767,423777,423882
424014,424054,424064,424073,424110
424291,424330,424339,424348,424401
424566,424606,424616,424625,424732
424844,424883,424893,424902,425006
425137,425177,425188,425198,425236
425441,425479,425491,425501,425535
425737,425779,425788,425797,425904
426031,426068,426077,426087,426152
426329,426370,426380,426389,426427
426612,426651,426661,426670,426774
426892,426928,426938,426947,427054
427172,427214,427224,427234,427286
427471,427513,427523,427532,427580
427775,427817,427827,427837,427882
428080,428119,428128,428137,428184
428367,428403,428412,428422,428527
428652,428688,428698,428707,428747
428942,428982,428992,429001,429042
429225,429265,429276,429286,429329
429511,429548,429558,429568,429642
429812,429856,429867,429876,429983
430114,430155,430165,430175,430222
430419,430460,430470,430479,430519
430706,430744,430754,430763,430868
430986,431023,431034,431044,431083
431268,431305,431315,431324,431363
431567,431605,431615,431624,431731
431857,431900,431910,431919,432026
432159,432198,432209,432219,432256
432459,432499,432509,432518,432624
432747,432789,432798,432807,432848
433031,433071,433082,433091,433153
433315,433355,433364,433373,433480
433599,433638,433648,433657,433763
433787,433831,433841,433850,433897
434160,434200,434211,434221,434260
434462,434503,434513,434522,434629
434760,434800,434810,434819,434859
435047,435085,435096,435106,435139
435320,435360,435370,435379,435444
435607,435648,435658,435667,435772
435900,435941,435951,435960,436002
436085,436139,436149,436158,436206
436460,436499,436512,436522,436563
436770,436810,436819,436828,436935
437069,437108,437118,437127,437228
437351,437390,437400,437409,437514
437633,437672,437681,437690,437791
437914,437953,437964,437975,438011
438217,438257,438268,438277,438318
438520,438559,438570,438580,438620
438814,438855,438865,438874,438981
439108,439148,439158,439167,439274
439403,439444,439453,439462,439501
439691,439729,439739,439749,439789
439972,440012,440022,440031,440138
440263,440300,440312,440323,440364
440569,440612,440622,440631,440676
440881,440923,440933,440943,441050
441181,441220,441230,441240,441347
441469,441508,441518,441527,441634
441765,441804,441814,441823,441930
442059,442099,442108,442118,442225
442356,442396,442406,442415,442453
442563,442613,442623,442632,442739
442944,442982,442992,443001,443040
443252,443294,443304,443313,443368
443559,443597,443606,443615,443720
443828,443878,443888,443897,444003
444127,444165,444175,444184,444291
444421,444463,444473,444482,444589
444651,444695,444705,444714,444760
444997,445050,445060,445070,445141
445312,445351,445362,445372,445412
445609,445648,445658,445667,445774
445898,445938,445948,445957,445990
446167,446217,446226,446235,446341
446458,446496,446507,446517,446559
446747,446789,446799,446809,446916
447051,447092,447104,447114,447158
447349,447391,447401,447412,447455
447643,447682,447695,447704,447809
447934,447970,447980,447989,448034
448214,448254,448264,448273,448313
448498,448538,448548,448557,448664
448786,448823,448834,448845,448952
449088,449126,449137,449147,449185
449388,449431,449441,449450,449484
449694,449737,449747,449757,449864
449974,450028,450037,450047,450154
450277,450315,450325,450334,450436
450558,450597,450606,450616,450655
450845,450884,450895,450904,450950
451139,451182,451192,451202,451245
451450,451491,451501,451510,451556
451755,451795,451805,451815,451922
452055,452091,452100,452110,452165
452340,452380,452390,452399,452503
452628,452668,452677,452686,452789
452909,452948,452959,452968,453004
453198,453238,453250,453260,453305
453496,453535,453545,453555,453631
453798,453842,453852,453861,453906
454102,454144,454154,454163,454270
454395,454434,454443,454452,454492
454594,454641,454650,454660,454761
454938,454987,454996,455006,455112
455247,455283,455293,455302,455408
455537,455577,455587,455597,455640
455835,455877,455887,455897,456004
456138,456178,456189,456199,456306
456435,456476,456487,456496,456534
456721,456761,456771,456780,456887
456989,457036,457045,457055,457159
457283,457323,457333,457342,457381
457582,457622,457634,457644,457680
457888,457927,457937,457946,458053
458109,458158,458168,458178,458285
458473,458514,458523,458533,458639
458767,458806,458815,458825,458867
459053,459093,459103,459112,459150
459319,459370,459380,459389,459496
459617,459654,459664,459673,459722
459913,459955,459966,459976,460020
460225,460265,460275,460284,460391
460523,460561,460571,460581,460687
460809,460847,460858,460867,460971
461100,461138,461148,461157,461199
461386,461423,461433,461442,461546
461671,461711,461721,461730,461769
461961,462004,462014,462023,462130
462263,462301,462314,462324,462363
462567,462610,462621,462631,462675
462869,462909,462918,462928,463032
463149,463187,463197,463207,463314
463432,463470,463481,463490,463536
463718,463754,463764,463774,463808
464001,464039,464049,464058,464114
464310,464350,464360,464370,464477
464615,464653,464664,464675,464713
464907,464949,464959,464969,465015
465206,465247,465256,465266,465332
465480,465529,465538,465547,465654
465771,465810,465820,465829,465933
466058,466094,466104,466114,466150
466355,466394,466404,466413,466447
466643,466697,466707,466716,466784
466962,467001,467010,467019,467126
467262,467298,467308,467317,467352
467539,467579,467589,467598,467642
467830,467867,467878,467888,467995
468102,468154,468164,468173,468280
468408,468449,468459,468468,468502
468709,468752,468762,468771,468810
469012,469053,469065,469075,469115
469312,469353,469363,469372,469413
469615,469650,469660,469670,469707
469895,469932,469941,469951,469991
470169,470220,470230,470239,470346
470478,470519,470530,470540,470593
470783,470826,470837,470846,470953
471085,471128,471138,471148,471255
471391,471433,471443,471453,471560
471664,471717,471727,471736,471842
471967,472009,472018,472028,472133
472255,472294,472304,472313,472419
472541,472579,472588,472598,472660
472836,472876,472887,472896,472960
473152,473191,473201,473210,473317
473450,473488,473498,473508,473614
473740,473781,473791,473800,473902
474026,474064,474073,474083,474185
474312,474351,474362,474371,474411
474601,474642,474652,474661,474768
474892,474931,474942,474953,475060
475186,475227,475237,475247,475315
475497,475536,475547,475557,475595
475801,475841,475851,475860,475967
476076,476127,476136,476145,476249
476370,476407,476416,476425,476530
476657,476695,476705,476715,476754
476948,476990,476999,477009,477116
477256,477297,477307,477316,477423
477553,477592,477604,477614,477721
477849,477888,477898,477907,477947
478145,478185,478195,478204,478244
478430,478471,478480,478489,478596
478709,478747,478757,478766,478869
478990,479030,479039,479049,479156
479284,479321,479331,479341,479381
479582,479623,479633,479642,479707
479881,479921,479931,479940,480003
480170,480207,480218,480227,480332
480445,480484,480494,480503,480541
480730,480769,480779,480788,480834
481010,481047,481056,481066,481107
481295,481330,481340,481350,481457
481592,481629,481641,481651,481692
481891,481931,481941,481950,482057
482193,482229,482239,482248,482287
482475,482515,482525,482534,482638
482756,482791,482801,482810,482916
483020,483061,483071,483080,483187
483299,483340,483350,483359,483429
483585,483623,483634,483644,483751
483883,483920,483930,483940,483983
484171,484209,484220,484230,484265
484444,484497,484506,484516,484621
484736,484776,484785,484794,484901
485026,485063,485072,485081,485184
485304,485341,485352,485362,485401
485590,485631,485641,485650,485757
485890,485929,485939,485949,485986
486202,486243,486253,486262,486299
486507,486546,486556,486566,486606
486783,486834,486844,486853,486960
487081,487119,487128,487137,487242
487375,487412,487423,487433,487475
487670,487708,487718,487728,487765
487967,488006,488018,488028,488135
488268,488310,488320,488329,488376
488581,488622,488635,488645,488690
488881,488921,488931,488940,488986
489156,489205,489214,489223,489326
489435,489487,489496,489506,489613
489741,489778,489788,489798,489838
490039,490080,490090,490100,490139
490344,490383,490393,490403,490469
490645,490684,490695,490705,490812
490946,490983,490994,491004,491042
491238,491277,491287,491296,491344
491520,491560,491570,491579,491639
491800,491840,491849,491859,491966
492093,492135,492145,492154,492193
492393,492434,492444,492454,492493
492699,492740,492750,492759,492830
492997,493036,493046,493055,493108
493294,493330,493339,493349,493450
493577,493614,493623,493632,493739
493865,493904,493913,493923,494030
494147,494189,494199,494208,494267
494440,494481,494491,494500,494539
494737,494777,494789,494800,494841
495030,495075,495085,495094,495201
495319,495359,495370,495379,495486
495600,495639,495648,495658,495698
495876,495914,495924,495933,495980
496155,496191,496201,496210,496244
496448,496489,496499,496509,496560
496664,496702,496712,496722,496829
497022,497064,497074,497083,497120
497324,497366,497376,497386,497421
497614,497654,497664,497673,497780
497898,497935,497944,497954,497991
498182,498220,498230,498239,498280
498466,498506,498517,498527,498580
498758,498801,498811,498821,498859
499067,499104,499114,499123,499158
499363,499406,499417,499427,499534
499653,499691,499701,499711,499818
499937,499977,499987,499996,500100
500216,500256,500267,500277,500384
500500,500539,500548,500558,500598
500797,500835,500847,500857,500905
501095,501135,501145,501154,501193
501393,501436,501448,501457,501496
501681,501735,501745,501754,501861
501989,502027,502038,502048,502094
502266,502305,502316,502325,502376
502550,502591,502601,502610,502717
502834,502878,502888,502897,503004
503137,503180,503190,503200,503239
503446,503486,503496,503506,503551
503745,503784,503793,503803,503910
504030,504070,504080,504090,504159
504322,504360,504372,504383,504425
504603,504644,504654,504663,504766
504887,504925,504935,504945,504982
505176,505217,505227,505236,505300
505474,505518,505528,505538,505645
505778,505819,505830,505839,505876
506074,506115,506125,506134,506180
506340,506388,506397,506407,506511
506616,506669,506679,506688,506795
506920,506959,506969,506978,507016
507209,507246,507256,507265,507308
507503,507542,507552,507561,507607
507803,507845,507855,507864,507971
508109,508148,508159,508170,508206
508406,508445,508455,508464,508508
508697,508733,508744,508753,508857
508972,509009,509019,509028,509135
509269,509309,509319,509328,509364
509574,509613,509623,509633,509679
509876,509914,509923,509932,509978
510158,510210,510220,510230,510302
510472,510510,510520,510529,510633
510758,510794,510804,510813,510917
511045,511083,511093,511101,511208
511325,511361,511371,511380,511487
511608,511650,511659,511669,511723
511919,511960,511970,511980,512028
512225,512267,512277,512286,512333
512517,512555,512567,512577,512625
512801,512841,512851,512860,512921
513088,513124,513135,513144,513183
513373,513414,513424,513433,513473
513670,513708,513719,513729,513770
513951,514004,514014,514023,514130
514267,514307,514318,514327,514379
514577,514617,514628,514637,514744
514868,514909,514919,514928,515033
515143,515182,515194,515204,515308
515429,515465,515475,515485,515531
515712,515751,515762,515771,515812
516011,516055,516065,516074,516126
516321,516361,516371,516380,516419
516618,516656,516667,516677,516784
516920,516960,516970,516979,517018
517217,517256,517266,517275,517314
517504,517543,517553,517562,517601
517781,517822,517832,517841,517948
518076,518114,518127,518138,518175
518373,518416,518426,518436,518483
518685,518723,518734,518743,518785
518979,519017,519028,519038,519145
519259,519298,519307,519316,519377
519546,519584,519594,519603,519710
519834,519872,519882,519891,519996
520098,520139,520149,520158,520265
520413,520452,520462,520472,520579
520721,520758,520768,520778,520884
520923,520972,520982,520991,521030
521295,521332,521342,521351,521414
521578,521618,521627,521636,521742
521862,521903,521912,521922,522027
522158,522199,522209,522218,522264
522461,522501,522511,522520,522554
522763,522803,522815,522826,522883
523066,523105,523116,523126,523233
523368,523406,523416,523425,523471
523659,523697,523707,523717,523821
523948,523988,523999,524008,524114
524219,524270,524279,524288,524395
524527,524566,524577,524587,524631
524838,524879,524890,524900,524938
525146,525187,525198,525207,525253
525446,525482,525492,525501,525608
525734,525770,525780,525790,525895
526019,526054,526064,526073,526112
526306,526346,526355,526364,526471
526596,526635,526646,526655,526717
526889,526931,526940,526950,527057
527190,527233,527243,527253,527294
527496,527538,527548,527558,527604
527774,527828,527838,527847,527890
528056,528108,528118,528127,528230
528354,528392,528402,528411,528453
528638,528679,528689,528698,528746
528927,528981,528991,529000,529072
529241,529283,529293,529302,529339
529552,529589,529599,529609,529648
529848,529887,529896,529906,530013
530141,530181,530190,530199,530305
530422,530461,530471,530480,530587
530711,530751,530762,530772,530816
531004,531046,531057,531067,531174
531307,531347,531358,531367,531403
531614,531658,531668,531677,531744
531917,531957,531967,531976,532023
532207,532247,532257,532266,532372
532495,532534,532544,532553,532658
532782,532817,532828,532838,532884
533071,533111,533121,533131,533238
533363,533405,533415,533425,533457
533668,533708,533719,533729,533776
533962,534001,534012,534024,534058
534257,534297,534307,534316,534422
534542,534580,534592,534601,534708
534824,534862,534872,534883,534929
535114,535150,535161,535170,535213
535407,535449,535459,535468,535535
535720,535757,535768,535777,535817
536017,536057,536067,536076,536183
536313,536354,536364,536374,536411
536595,536635,536644,536654,536758
536879,536920,536930,536939,537045
537162,537201,537211,537221,537256
537454,537495,537505,537514,537561
537758,537798,537810,537820,537870
538064,538103,538114,538125,538164
538374,538411,538421,538430,538471
538661,538697,538707,538717,538821
538947,538983,538993,539002,539109
539228,539268,539278,539287,539394
539525,539564,539575,539585,539626
539822,539862,539873,539884,539923
540124,540162,540172,540181,540252
540419,540461,540471,540481,540519
540722,540758,540768,540778,540817
541007,541042,541052,541061,541100
541289,541324,541333,541343,541450
541567,541606,541616,541625,541697
541865,541904,541916,541926,541967
542176,542215,542226,542236,542283
542481,542519,542529,542539,542578
542775,542815,542825,542834,542940
543068,543106,543115,543125,543232
543357,543397,543407,543416,543523
543641,543678,543688,543698,543735
543933,543973,543983,543992,544032
544233,544275,544285,544295,544368
544540,544579,544590,544599,544641
544842,544885,544895,544904,544950
545135,545172,545182,545191,545236
545393,545445,545455,545464,545571
545691,545731,545741,545750,545796
545974,546012,546022,546031,546138
546256,546296,546306,546315,546352
546547,546588,546599,546609,546654
546778,546791,546792,546792,546809
547150,547189,547199,547209,547247
547434,547471,547482,547491,547534
547697,547748,547758,547767,547870
547982,548022,548032,548041,548148
548283,548323,548334,548344,548378
548580,548622,548632,548641,548679
548872,548916,548926,548935,548971
549164,549206,549217,549227,549334
549451,549491,549501,549511,549615
549738,549774,549784,549793,549831
550020,550060,550069,550079,550186
550300,550339,550348,550357,550464
550587,550626,550639,550650,550684
550898,550941,550952,550961,551008
551201,551241,551253,551263,551310
551480,551522,551532,551541,551648
551764,551804,551815,551824,551926
552047,552086,552096,552105,552148
552335,552375,552385,552394,552431
552632,552669,552680,552690,552731
552924,552964,552974,552984,553091
553230,553271,553282,553292,553324
553541,553578,553588,553597,553703
553829,553867,553876,553885,553989
554106,554143,554154,554163,554265
554388,554429,554439,554448,554551
554676,554713,554723,554732,554776
554972,555016,555026,555036,555084
555274,555313,555323,555333,555373
555567,555603,555613,555622,555729
555864,555903,555914,555924,555965
556158,556193,556203,556213,556253
556439,556476,556485,556494,556541
556714,556755,556765,556774,556816
557009,557046,557056,557065,557124
557309,557350,557361,557370,557409
557615,557657,557667,557677,557716
557911,557952,557961,557971,558033
558181,558228,558238,558247,558353
558477,558514,558527,558537,558574
558764,558803,558813,558822,558927
559054,559091,559102,559112,559159
559343,559385,559395,559404,559457
559647,559685,559695,559704,559768
559948,559987,559997,560007,560057
560244,560284,560295,560305,560355
560527,560566,560576,560585,560689
560785,560836,560846,560856,560922
561090,561131,561141,561151,561189
561387,561424,561435,561444,561484
561682,561721,561732,561742,561781
561969,562009,562019,562028,562103
562262,562298,562308,562318,562378
562542,562582,562591,562601,562643
562757,562802,562812,562821,562923
563092,563129,563141,563152,563189
563372,563413,563423,563433,563540
563677,563720,563731,563740,563786
563979,564020,564030,564039,564091
564258,564310,564320,564329,564395
564554,564590,564601,564612,564719
564840,564873,564882,564891,564938
565117,565154,565164,565173,565212
565403,565443,565452,565462,565569
565690,565731,565741,565750,565857
565989,566030,566040,566050,566090
566200,566249,566259,566269,566308
566569,566606,566615,566624,566731
566851,566889,566898,566907,567014
567134,567174,567184,567193,567300
567314,567368,567379,567389,567434
567671,567711,567721,567730,567775
567976,568016,568026,568036,568143
568273,568316,568326,568336,568400
568574,568614,568624,568633,568693
568868,568907,568919,568930,568968
569157,569194,569204,569213,569320
569434,569472,569482,569491,569597
569714,569751,569762,569772,569879
570007,570048,570058,570067,570114
570313,570356,570366,570375,570421
570618,570658,570667,570677,570784
570909,570947,570957,570966,571071
571195,571236,571246,571255,571359
571490,571527,571538,571548,571591
571781,571820,571831,571840,571947
572071,572112,572122,572131,572238
572376,572417,572428,572437,572480
572683,572720,572730,572740,572785
572988,573030,573040,573049,573093
573270,573318,573328,573337,573440
573560,573598,573608,573617,573717
573842,573883,573893,573903,573942
574139,574183,574193,574202,574237
574371,574419,574429,574439,574484
574724,574775,574785,574795,574858
575043,575085,575095,575104,575155
575338,575376,575386,575396,575437
575627,575668,575678,575687,575738
575913,575949,575958,575968,576075
576202,576238,576248,576257,576364
576497,576540,576550,576560,576598
576812,576852,576862,576872,576913
577109,577152,577162,577172,577243
577404,577446,577456,577465,577572
577692,577731,577740,577750,577789
577975,578014,578024,578034,578086
578261,578300,578310,578320,578427
578550,578588,578600,578610,578646
578854,578891,578901,578910,578949
579155,579194,579204,579214,579254
579389,579438,579448,579457,579497
579745,579780,579790,579799,579904
580025,580062,580074,580084,580126
580307,580347,580357,580366,580470
580599,580638,580647,580657,580704
580896,580936,580947,580958,581001
581195,581236,581246,581255,581324
581492,581532,581542,581552,581659
581786,581823,581834,581844,581884
582074,582109,582119,582128,582235
582348,582385,582395,582404,582509
582624,582659,582668,582678,582785
582868,582909,582919,582929,582960
583188,583229,583239,583248,583287
583487,583528,583538,583548,583588
583773,583811,583821,583830,583937
584050,584088,584097,584106,584208
584314,584354,584363,584372,584477
584588,584625,584634,584643,584750
584854,584893,584903,584912,585019
585124,585165,585175,585184,585231
585402,585444,585454,585464,585526
585681,585721,585731,585740,585778
585964,586001,586011,586020,586127
586226,586266,586275,586284,586337
586475,586515,586524,586533,586640
586724,586761,586771,586780,586887
586982,587021,587030,587039,587076
587248,587288,587299,587308,587415
587521,587562,587571,587580,587687
587790,587833,587842,587851,587891
588061,588101,588113,588124,588170
588326,588367,588376,588385,588490
588595,588632,588643,588653,588690
588861,588896,588905,588914,588953
589128,589165,589176,589186,589286
589401,589444,589453,589462,589569
589690,589737,589746,589756,589802
589989,590030,590040,590050,590095
590267,590307,590316,590325,590429
590538,590578,590588,590597,590704
590816,590854,590863,590872,590977
591093,591134,591143,591152,591259
591369,591406,591417,591427,591471
591652,591696,591706,591716,591754
591948,591987,591999,592009,592055
592233,592278,592288,592297,592339
592521,592562,592571,592580,592647
592805,592842,592853,592862,592965
593006,593058,593068,593077,593182
593339,593377,593387,593396,593501
593632,593672,593683,593693,593734
593938,593980,593990,593999,594066
594228,594268,594280,594290,594324
594512,594553,594563,594572,594643
594806,594845,594855,594864,594971
595077,595117,595126,595136,595183
595353,595392,595402,595410,595450
595639,595680,595689,595699,595806
595940,595982,595992,596001,596048
596224,596268,596278,596287,596327
596530,596574,596583,596593,596656
596828,596869,596879,596888,596994
597086,597126,597136,597145,597203
597351,597392,597401,597410,597517
597618,597660,597670,597679,597785
597877,597915,597925,597934,597986
598132,598176,598186,598195,598257
598402,598448,598458,598467,598509
598659,598702,598713,598722,598764
598918,598959,598969,598978,599031
599171,599212,599222,599230,599284
599417,599459,599468,599477,599575
599655,599693,599703,599712,599750
599900,599942,599952,599962,600002
600165,600204,600214,600224,600331
600432,600473,600483,600492,600538
600685,600728,600738,600748,600790
600956,601000,601010,601020,601126
601223,601263,601272,601281,601388
601487,601527,601537,601546,601598
601750,601789,601799,601808,601858
602012,602054,602063,602072,602122
602278,602320,602330,602339,602446
602556,602597,602610,602620,602663
602844,602883,602893,602902,602939
603126,603169,603178,603187,603291
603403,603445,603455,603464,603504
603669,603710,603721,603731,603770
603936,603979,603989,603998,604105
604226,604266,604276,604286,604390
604509,604553,604563,604573,604619
604794,604833,604844,604855,604888
605092,605138,605148,605158,605226
605408,605447,605459,605468,605573
605687,605727,605737,605746,605785
605959,605998,606007,606017,606120
606243,606283,606293,606302,606403
606535,606574,606587,606598,606703
606828,606869,606880,606889,606927
607126,607166,607178,607188,607229
607414,607465,607475,607484,607530
607714,607754,607766,607776,607814
607993,608033,608043,608052,608152
608261,608299,608309,608317,608420
608512,608566,608576,608585,608685
608802,608841,608853,608864,608899
609084,609125,609136,609145,609202
609373,609415,609425,609434,609507
609665,609706,609715,609724,609763
609939,609978,609987,609996,610094
610210,610251,610262,610271,610377
610493,610534,610544,610553,610597
610774,610813,610823,610832,610876
611055,611096,611108,611119,611226
611348,611389,611399,611409,611516
611642,611685,611695,611704,611744
611935,611976,611986,611995,612102
612206,612254,612263,612272,612314
612493,612529,612539,612549,612585
612769,612809,612819,612828,612935
613056,613098,613108,613117,613222
613350,613389,613399,613409,613453
613642,613683,613693,613702,613741
613932,613972,613983,613993,614031
614207,614249,614259,614268,614373
614490,614529,614539,614548,614653
614769,614806,614816,614825,614879
615043,615080,615089,615098,615202
615322,615360,615370,615380,615425
615624,615665,615676,615686,615725
615915,615958,615968,615977,616024
616203,616240,616250,616259,616366
616478,616515,616526,616536,616639
616755,616793,616803,616812,616852
617037,617074,617085,617096,617132
617318,617356,617366,617375,617482
617607,617645,617655,617664,617704
617899,617939,617949,617959,617997
618195,618238,618248,618257,618301
618479,618518,618528,618537,618592
618758,618794,618804,618813,618918
619032,619071,619081,619090,619130
619313,619352,619362,619371,619415
619602,619642,619653,619663,619719
619901,619941,619951,619960,620067
620196,620237,620249,620259,620303
620490,620531,620541,620550,620655
620778,620815,620825,620835,620873
621055,621092,621102,621111,621148
621331,621369,621379,621388,621431
621597,621651,621661,621670,621712
621895,621934,621943,621953,622023
622194,622236,622246,622256,622363
622491,622531,622541,622550,622597
622762,622813,622823,622832,622878
623044,623079,623089,623099,623206
623321,623357,623367,623376,623483
623592,623629,623638,623647,623754
623868,623908,623917,623927,624033
624144,624180,624190,624201,624261
624432,624472,624482,624491,624525
624714,624755,624765,624774,624816
624998,625036,625048,625058,625105
625248,625300,625309,625318,625423
625532,625569,625579,625588,625689
625803,625842,625853,625863,625906
626087,626128,626138,626147,626193
626375,626417,626427,626436,626484
626664,626704,626715,626725,626770
626947,626989,626999,627009,627110
627229,627271,627281,627290,627334
627504,627545,627555,627564,627666
627779,627817,627827,627836,627876
628043,628093,628103,628112,628151
628342,628380,628391,628401,628444
628636,628678,628688,628697,628735
628929,628971,628980,628990,629097
629106,629160,629170,629180,629214
629444,629482,629494,629505,629609
629713,629751,629761,629770,629807
629979,630016,630027,630037,630076
630227,630280,630289,630298,630405
630509,630550,630561,630571,630615
630786,630824,630836,630847,630893
631056,631100,631110,631119,631156
631330,631367,631377,631386,631493
631576,631626,631635,631644,631747
631853,631887,631898,631908,631943
632107,632145,632156,632166,632206
632363,632403,632414,632423,632527
632638,632677,632687,632697,632737
632906,632948,632958,632968,633073
633181,633218,633229,633239,633279
633445,633486,633498,633508,633553
633717,633758,633767,633777,633881
633979,634018,634028,634037,634069
634238,634274,634283,634292,634390
634498,634535,634545,634555,634658
634778,634816,634826,634836,634942
635056,635096,635107,635116,635152
635341,635384,635394,635403,635436
635633,635674,635684,635694,635801
635917,635956,635966,635975,636013
636187,636227,636238,636248,636288
636472,636510,636520,636529,636632
636765,636801,636811,636820,636922
637054,637094,637105,637116,637154
637349,637389,637399,637408,637443
637651,637694,637704,637713,637817
637949,637987,637997,638006,638068
638236,638272,638282,638292,638328
638512,638550,638560,638569,638617
638782,638836,638846,638855,638962
639090,639130,639140,639149,639218
639396,639436,639446,639455,639495
639698,639734,639744,639753,639798
639981,640030,640039,640048,640154
640282,640317,640328,640338,640442
640569,640605,640615,640624,640664
640851,640889,640900,640910,640946
641127,641168,641177,641186,641293
641425,641467,641479,641489,641527
641725,641767,641777,641786,641828
642016,642056,642065,642074,642112
642282,642327,642337,642346,642453
642569,642604,642614,642623,642670
642841,642876,642887,642897,642936
643114,643154,643164,643173,643276
643388,643428,643439,643448,643555
643674,643710,643721,643731,643838
643954,643995,644005,644014,644057
644238,644277,644286,644295,644351
644498,644536,644547,644558,644614
644758,644797,644807,644816,644862
645016,645053,645062,645071,645171
645271,645311,645320,645329,645372
645534,645571,645581,645590,645631
645814,645853,645863,645872,645919
646086,646122,646132,646141,646182
646342,646383,646393,646402,646509
646610,646648,646658,646668,646775
646871,646905,646916,646927,646982
647120,647158,647167,647176,647216
647364,647404,647414,647423,647489
647608,647662,647672,647681,647719
647884,647924,647934,647944,647984
648153,648193,648203,648213,648282
648426,648464,648476,648486,648547
648686,648723,648732,648741,648778
648930,648969,648978,648987,649036
649184,649222,649231,649240,649345
649436,649474,649484,649493,649529
649686,649724,649733,649742,649845
649941,649979,649992,649999,649999
